"SKN","Station.Name","Observer","Network","Island","ELEV.m.","LAT","LON","NCEI.id","NWS.id","NESDIS.id","SCAN.id","SMART_NODE_RF.id","X2008.01","X2008.02","X2008.03","X2008.04","X2008.05","X2008.06","X2008.07","X2008.08","X2008.09","X2008.10","X2008.11","X2008.12"
2,"MANUKA 2","STATE DIV OF FTRY","COOP","BI",534,19.10866032,-155.8255447,"USC00516134",NA,NA,NA,NA,NA,NA,NA,NA,NA,0.8,NA,NA,NA,NA,NA,NA
2.1,"KAHUKU MAUKA","COOP","COOP","BI",957,19.1089,-155.7467,"USC00512566",NA,NA,NA,NA,4.75417,82.6458,1.9,18.800037,13.199999,12.054164,61.450004,9.895827,10.600006,6.699997,29.800003,84.004197
2.32,"SOUTH KONA 2 2.32","COOP","COOP","BI",647,19.10778,-155.78944,"USC00518652",NA,NA,NA,NA,13.429167,130.462563,0,18.100003,25.899986,12.200006,82.7790789349228,8.670833,14.829161,23.474993,10.5013827033202,82.0763787033202
2.34,"MILOLII 2.34","COOP","COOP","BI",280,19.186302,-155.886763,"USC00516304",NA,NA,NA,NA,61,NA,NA,25.9,31,31.400033,119.766728,41.466666,33.433334,22.233333,5.599997,86.800006
2.36,"KAPUA 2.36","COOP","COOP","BI",533,19.14472,-155.84944,"USC00513376",NA,NA,NA,NA,36.166634,76.999927,4.300007,21.8,29.000006,29.9333,65.86664,5.6,36.699997,27.066667,11.63334,95.700036
5.1,"Kamaoa Puueo 5.1","COOP","COOP","BI",317,19.01361,-155.66194,"USC00513054",NA,NA,NA,NA,16.799997,255.4998,20.399997,16.699997,32.999964,18.999991,107.99997,16,16.616667,21.783327,21.6,141.900097
6,"KIOLAKAA A&F 6","STATE DIV FTRY","COOP","BI",587,19.07032619,-155.6355484,"USC00514625",NA,NA,NA,NA,20.5328248224112,344.622313827962,21.7844818928064,25.3846813936325,59.5350179420335,21.0515723155759,132.450533996008,23.6252667937911,23.8587405534848,48.6836151758303,34.0951419808043,217.005964323629
12.15,"SEA MOUNTAIN 12.15","SEA MOUNTAIN","COOP","BI",21,19.13310292,-155.5152744,"USC00518600",NA,NA,NA,NA,24.300006,407.59963,8.600003,77.5,12.699997,16.800007,51.299996,NA,23.50001,31.0347786375843,21.8990422445281,NA
14,"NAALEHU 14","KAU SUGAR","COOP","BI",206,19.06032754,-155.5855501,"USC00516588",NA,NA,NA,NA,16.8410094532411,338.830216666438,9.96082570688552,38.5778705674165,51.9181499357001,14.5409945010565,98.6484088369104,20.5282248060105,24.6512585143033,52.3743000530185,33.1648431384285,245.414449823211
21,"Pahala","KAU SUGAR","HydroNet-UaNet","BI",346.8624,19.2042999,-155.4872,"USC00517421","PPLH1","B16084B2",NA,NA,12.446,442.722,9.652,89.662,18.288,40.64,79.248,40.132,17.018,25.908,27.686,284.226
21.3,"PAHALA MAUKA 21.3","COOP","COOP","BI",332,19.20667,-155.48861,"USC00517437",NA,NA,NA,NA,11.0810069797902,421.9931954176,13.7566578629411,78.3171219382487,30.0577216574157,41.6508327348775,77.0457666245595,17.5665806333805,34.3358421732056,34.0296921800126,43.3561000602833,328.997892750026
23,"KAHUKU","RAWS","RAWS","BI",1796.4912,19.23222222,-155.78,NA,"KRCH1","32639544",NA,NA,36.322,77.216,4.572,14.986,11.43,7.62,19.558,6.096,11.938,9.652,2.794,107.188
24.1,"OPIHIHALE 2 24.1","TRUMAN LORNA","COOP","BI",396,19.27032215,-155.8738768,"USC00517166",NA,NA,NA,NA,9.900003,107.966584,73.55833,59.175036,110.854234,58.24582,162.908326,35.391637,74.583407,NA,43.112483,93.087499
26.2,"KEALAKEKUA 26.2","GREENWELL ESTATE","COOP","BI",442,19.48975723,-155.9122125,"USC00513977",NA,NA,NA,NA,14.4399160339301,36.3824095118224,43.1693135678488,32.4720615412498,149.363572825175,52.782229396364,219.711188541755,34.9097884490778,100.875711340284,41.4407860517513,51.3745402239254,117.734479734616
27,"HONAUNAU 27","TANAKA S","COOP","BI",332,19.4403158,-155.8788789,"USC00511665",NA,NA,NA,NA,NA,NA,NA,NA,NA,NA,180.685954842366,90.1663503982295,137.152726875581,NA,NA,161.447334922137
27.4,"PUUHONUA O HONA 27.4","HAW NATL HSTL PA","COOP","BI",5,19.4184,-155.9112,"USC00518552",NA,NA,NA,NA,0,NA,15.699993,NA,NA,NA,NA,NA,NA,NA,NA,NA
27.6,"Honaunau No. 2","NWS","HydroNet-UaNet","BI",398.0688,19.4629002,-155.8824,NA,"HAUH1","15D12742",NA,NA,33.02,113.792,18.288,72.898,123.19,38.608,204.724,75.184,107.95,60.198,65.024,123.952
28,"NAPOOPOO 28","KONA EXP STATION","COOP","BI",122,19.46864784,-155.9055458,"USC00516697",NA,NA,NA,NA,NA,NA,NA,NA,NA,NA,126.647155681506,24.9087630971227,94.3811445527063,NA,48.1300355722076,94.1812526294907
29.12,"Kealakekua","NWS","HydroNet-UaNet","BI",537.972,19.5181007,-155.9159,NA,"KLEH1","81708572",NA,NA,45.212,78.74,48.006,39.878,184.658,77.47,201.676,60.706,105.41,36.068,44.704,103.886
34,"Kapapala Ranch","NWS","HydroNet-UaNet","BI",638.556,19.2754993,-155.4514,"USC00513300","KAYH1","B16097C4",NA,NA,3.302,482.176894484073,21.082,105.918,27.178,30.734,56.642,20.32,34.29,19.05,53.594,217.678
36.3,"KAPAPALA RANCH","KAPAPALA RANCH","RAWS","BI",1081,19.25811,-155.441781,NA,"KPRH1","AA10E258",NA,NA,8.90421577608417,467.797656129927,14.5765613867671,98.1638548691849,22.330898971488,37.3388150421577,71.448306896002,32.7178654564734,24.5075526462587,23.5786225849439,38.9629215578859,262.269930448537
38.8,"KEALAKOMO 38.8","COOP","COOP","BI",84,19.29472,-155.14444,"USC00514080",NA,NA,NA,NA,28.43333,502.967003,NA,90.600029,48.4,8.9,NA,12.8,13,79.3927258673625,127.533307,525.666767
38.9,"KAELAKOMO","KAELAKOMO","RAWS","BI",29.5656,19.29277778,-155.1075,NA,"KMOH1","32807432",NA,NA,NA,NA,0,0,0,NA,0,0,0,0,0,0
39,"Mauna Loa Observatory","NWS","ESRL/GMD","BI",3397,19.5362,-155.5763,"USC00516198","MOBH1",NA,NA,NA,9,67,10,63.4478099192664,0,5,20,33,1,5,5,90
39.1,"Mauna Loa Upper","NWS","STATE","BI",3341,19.53863295,-155.5722206,NA,NA,NA,NA,NA,7.299,69.067705,9.30001,64.60003,0,6.1,19.00003,34.3,2.100005,5.9,4.199995,123.66605
48,"PALI 2","RAWS","RAWS","BI",847.344,19.3175,-155.2922222,"USR0000HPAL","PLIH1","FA900222",NA,NA,0,263.134,10.922,146.05,10.414,12.7,59.944,1.524,15.24,26.924,145.288,456.332410615984
49,"KEAUMO","RAWS","RAWS","BI",1682.496,19.47361111,-155.3588889,"USR0000HKMO","HKMO",NA,NA,NA,38.1,327.66,26.67,92.202,20.32,37.084,83.312,36.322,23.114,12.7,23.622,254.788
54,"HAWAII VOLCNS NP HQ 54","HAW VOL NATL PARK","COOP","BI",1210,19.429741,-155.257146,"USC00511303",NA,NA,NA,NA,138.276634927008,802.034273,116.673884189552,124.233333,138.500088,46.699998,145.379081259012,76.100044,55.3525327282188,95.59998,94.6613521089724,396.525635214742
54.2,"Glenwood","HELBUSH XL","HydroNet-UaNet","BI",802.2336,19.5076008,-155.1707,"USC00510744","GLNH1",NA,NA,NA,265.43,906.78,278.13,169.164,230.378,122.428,354.584,162.814,90.678,197.612,197.358,557.276
54.8,"Thurston","Thurston","HavoNet","BI",1202,19.41528,-155.23833,NA,NA,NA,NA,NA,148.803468206816,793.724179095915,150.7115,127.50906,150.86151,62.2777,179.85304,92.2171,49.55153,106.14198,127.97192,412.72686
54.9,"Ola a","Ola a","HavoNet","BI",1040,19.47833,-155.215,NA,NA,NA,NA,NA,200.72,850.71,208.26,174.159,188.374,82.868,227.841,123.991,68.493,116.338,147.155,462.179
55.4,"GLENWOOD NO 2 55.4","COOP","COOP","BI",671,19.52194,-155.14389,"USC00510746",NA,NA,NA,NA,469.56666,1107.03333,410.799903,282.60011,388.66664,259.633356,498.300033,301.900047,198.566712,334.666606,352.866604,832.966767
63,"KALOKO-HONOKOHAU","RAWS","RAWS","BI",7.62,19.67277778,-156.0202778,NA,"KHOH1","FA667668",NA,NA,7.874,20.526,17.018,18.034,30.48,69.342,29.21,NA,30.178,35.052,4.064,74.934
65.4,"PAHOA 2.1 E","PAHOA 2.1 E","CoCoRaHS","BI",137,19.5043,-154.9165,"US1HIHI0003",NA,NA,NA,NA,416.220694539136,885.083441291619,200.872808167665,194.591923703662,147.769464611648,121.095546101937,196.864740889599,184.653392761506,157.321685092704,182.676181999595,214.64020611553,731.994592076183
65.6,"KURTISTOWN 6.6 SSE, HI US","CoCoRaHs","CoCoRaHs","BI",339.63,19.5021,-155.029,"US1HIHI0055",NA,NA,NA,NA,433.885519003726,1532.7850570264,255.759645480354,172.22814820587,242.576673334186,106.312761307793,27.8309708159723,197.43793886424,87.5403666229196,211.854617069718,263.469120716421,945.250806017503
67.12,"LAE APUKI 67.12","COOP","COOP","BI",24,19.3918,-154.9313,"USC00515150",NA,NA,NA,NA,NA,516.807617599568,NA,80.0523556356598,89.2454386629567,30.0921238914245,NA,49.0366606052287,NA,61.6018536484243,NA,NA
67.7,"PAHOA 2.7 SSE","PAHOA 2.7 SSE","CoCoRaHS","BI",259,19.4654,-154.927,"US1HIHI0051",NA,NA,NA,NA,414.236806156325,1256.42784282851,234.888833589001,163.228877335313,220.949477406585,93.6259036766653,183.932946158433,147.527249060675,79.5305115101967,173.447000021082,201.644406517397,738.062610495162
68.13,"KE-AHOLE POINT 68.13","FAA-HAWN AIRLINE","COOP","BI",3,19.72779668,-156.0586039,"USC00513911",NA,NA,NA,NA,4.6,NA,NA,NA,NA,NA,0.3,NA,NA,NA,NA,NA
68.14,"HONOKOHAU HARBOR 68.14","COOP","COOP","BI",9,19.67944,-156.02333,"USC00511880",NA,NA,NA,NA,17.800003,27.30001,NA,41.800006,42.400013,97.299976,116.099973,30.200003,58.100032,36.1,10.100006,NA
68.2,"LANIHAU 68.2","KONA EXP STATION","COOP","BI",466,19.66196803,-155.9588816,"USC00515330",NA,NA,NA,NA,53.90003,48.99996,66.50003,49.100013,137.125011,122.375014,110.600041,69.3,164.199994,46.899944,71.999967,155.758966100203
68.21,"KAILUA KONA KE AHOLE AIRPORT","KAILUA KONA KE AHOLE AIRPORT","NWS","BI",27,19.73556,-156.04889,"USW00021510","HKO",NA,NA,NA,10.90001,28.100045,7.2,NA,31.500005,19.899985,0.5,10.000005,11.300005,24.39999,0,0
70.16,"Waiaha Stream","NWS","HydroNet-UaNet","BI",460.5528,19.6331997,-155.9486,NA,"WIHH1","9321011E",NA,NA,50.9399807174325,88.7156967550792,54.0879570539031,44.9302077114434,208.052617874008,87.2847984203198,227.226655559784,68.3969404014965,118.764561785025,40.6375127071653,50.3676213835288,117.047483783314
73.29,"Kainaliu Upper","NWS","HydroNet-UaNet","BI",713.232,19.5310993,-155.9066,NA,"KNUH1",NA,NA,NA,56.158809777345,58.899976,38.3705357681484,38.7589578203567,169.423910336353,78.5298464062538,200.079114,53.720799,137.141731,34.9206661710673,15.0619499832155,115.999973
73.34,"Kainaliu","SCAN","SCAN","BI",416,19.53333333,-155.9333333,NA,NA,NA,2096,NA,39.116,44.958,30.226,21.844,171.704,73.914,148.59,42.164,108.458,27.686,24.13,98.806
74.8,"KEALAKEKUA 4 74.8","COOP","COOP","BI",433,19.5106,-155.9217,"USC00513987",NA,NA,NA,NA,27.1958435542022,32.8851404897873,53.5337492590998,41.6236007592641,137.236818022355,60.5228229197331,159.649017225592,49.9943130616883,145.489179480467,39.2085946203281,43.2760045921116,119.720389349752
75.1,"PTA KIPUKA ALALA","RAWS","RAWS","BI",1641.348,19.66694444,-155.7077778,"USR0000HPTK","PKAH1","32666200",NA,NA,31.242,63.5,0.508,18.288,8.636,2.032,32.258,0.762,0.762,1.016,2.286,66.294
79,"KULANI CAMP 79","DEPT SOCIAL SVC","COOP","BI",1576,19.54863532,-155.3005575,"USC00515011",NA,NA,NA,NA,169.261239453606,442.7629870535,108.021698084414,118.704790824396,129.899988,48.8422798095463,200.600024,138.3126,58.254194,69.133397,53.454154,435.105214842246
79.6,"Kulani NWR","NWS","HydroNet-UaNet","BI",1623.3648,19.5543995,-155.3089,NA,"KNWH1",NA,NA,NA,209.613789541208,747.746952501646,169.858024290212,118.741477979712,149.837062060402,72.3440789416025,225.992894575035,108.137699927944,57.5735530029989,112.851720963073,114.206491007519,383.803134315151
83,"QuarryRainGageatSaddleRd","USGS","USGS","BI",1286.256,19.68586111,-155.2942222,NA,"SDQH1","DDF6B6E4",NA,NA,246.634,895.858,210.058,134.366,169.418,88.646,332.486,155.448,77.724,115.316,83.058,422.148
85.2,"Waiakea Uka","NWS","HydroNet-UaNet","BI",303.8856,19.6585999,-155.1277,"USC00519084","WKAH1",NA,NA,NA,313.182,1149.096,213.614,153.416,165.862,91.186,352.061952036858,123.686054299187,95.25,152.146,169.672,712.724
87,"HILO INTERNATIONAL AIRPORT 87","NWS","HydroNet-UaNet","BI",11.6,19.7191,-155.053,"USW00021504","HTO",NA,NA,NA,360.9,992.4,132.4,150.2,104.6,55.5,156.7,98.8,108.6,137.3,171.1,771.9
87.5,"HILO 5 S","HILO 5 S","USCRN","BI",189,19.645,-155.0827,"USW00021515",NA,NA,NA,NA,528.24271,1125.43006,224.532755,212.46736,162.199255,127.667225,272.971208788056,140.831675,127.10191,163.93271,218.234157836913,840.490715
87.8,"HILO 0.4 SW","HILO 0.4 SW","CoCoRaHS","BI",107,19.692,-155.0925,"US1HIHI0039",NA,NA,NA,NA,476.880007313487,1238.72495969938,217.968981975654,171.553152429392,221.812389817848,100.934565108468,168.26932683377,180.470121139934,96.2794597047056,189.041917765078,197.529805108956,904.035691693891
87.9,"IPIF","Hilo Forest Service","HIPPNET","BI",111,19.69748,-155.0954,NA,NA,NA,NA,NA,317.230234497887,996.686866812908,189.797996116464,163.17083745945,145.608103704484,95.168325165542,275.86992396724,130.066080135366,92.3780396878198,166.700939988562,180.218040397806,596.193016368899
88.1,"KAUMANA 88.1","HILO SUGAR","COOP","BI",343,19.68362898,-155.1405634,"USC00513510",NA,NA,NA,NA,408.099310604951,1256.53570185545,302.79097739333,211.392217347339,258.684014679527,153.813132524865,440.543465040231,194.903085031062,140.782112729186,230.439631167016,244.406820522823,815.969645843486
88.2,"WAIAKEA SCD 88.2","SHINICHI KANESHIRO","COOP","BI",287,19.65529741,-155.1205634,"USC00519025",NA,NA,NA,NA,409.74577,1318.391223,273.699977,189.19997,222.400074,116.900007,431.95426,159.929091,125.912443,202.541703,205.862626,799.675469
89.11,"Piihonua","NWS","HydroNet-UaNet","BI",296.8752,19.7098007,-155.1395,"USC00518053","PIIH1",NA,NA,NA,250.663347348567,871.99944659211,215.023767454244,141.088952167901,101.346,74.93,227.076,134.112,73.914,167.132,164.084,676.656
89.13,"KAIWIKI HOMESTEAD 89.11, HI US","COOP","COOP","BI",379.67,19.7509,-155.1362,"USC00512802",NA,NA,NA,NA,618.945758875647,1607.74943059278,282.903403143899,222.659986767108,287.891787951551,131.003648800014,218.397887509167,234.233380242982,124.961756284935,245.358772554909,256.375258448088,1173.35398562497
89.2,"AMAUULU 89.2","HILO SUGAR","COOP","BI",390,19.73529295,-155.1455638,"USC00510150",NA,NA,NA,NA,458.925996946361,1352.41214114234,226.591101421812,199.808506808175,181.92518437929,96.0072173478339,319.158738647284,148.174492421595,139.331129094957,196.613417108586,223.050459412411,945.362953947989
91,"MOUNTAIN VIEW 91","PU SUGAR","COOP","BI",463,19.5487,-155.1101,"USC00516552",NA,NA,NA,NA,265.43,790.956,220.726,166.116,181.102,125.984,270.256,135.636,114.554,190.754,218.44,437.388
91.11,"PUNA MACADAMIA O 91.11","COOP","COOP","BI",244,19.61861,-155.08667,"USC00518315",NA,NA,NA,NA,333.78217502745,580.975616385173,180.005660128695,152.214501240388,139.580329163204,111.357092264284,257.085181478758,130.413358988117,95.7088061610467,155.261849989561,224.376679544133,525.484633338525
91.12,"HAWAIIAN BEACHES 91.12","COOP","COOP","BI",88,19.533,-154.917,"USC00511300",NA,NA,NA,NA,364.969029134325,778.240809008511,182.653577771729,173.894320434934,128.182777364882,109.863038165513,189.023822218231,162.461219562968,143.227999096349,161.344579047363,188.430044581375,626.095317259251
91.14,"KURTISTOWN 91.14","COOP","COOP","BI",223,19.59,-155.083,"USC00515102",NA,NA,NA,NA,438.28854488434,1117.64610913944,268.981751623326,225.846710922742,235.747294185581,140.669555041343,323.954023803373,188.424772777036,126.834716701342,218.1087105582,258.796091295066,767.311686405279
91.8,"S GLEWNWOOD 91.8","COOP","COOP","BI",694,19.488,-155.149,"USC00518638",NA,NA,NA,NA,381.537236628768,1259.77201836022,275.70065528135,198.927161170995,221.531614702516,131.591313386536,407.138836873477,163.207276630332,131.243756001564,213.498218387651,234.079273416929,752.247761915064
91.9,"Pahoa Beacon","NWS","HydroNet-UaNet","BI",187.1472,19.5149994,-154.9644,NA,"PHAH1",NA,NA,NA,314.706,762,172.72,204.724,138.938,102.108,160.528,141.224,128.016,155.956,196.596,586.74
92,"KEAAU 92","PU SUGAR","COOP","BI",87,19.62918887,-155.0333418,"USC00513872",NA,NA,NA,NA,365.68589626383,759.196317869708,143.650037602023,179.402077693942,113.015692111799,76.775700721628,137.49536838541,109.970857229409,73.3245193488275,132.228077662518,195.539452916874,486.560211666631
92.5,"KiholoRainGage","USGS","USGS","BI",283.96692,19.82580556,-155.8925833,NA,"KIRH1","DD60236E",NA,NA,2.54,10.414,0,63.246,20.574,3.302,16.002,3.556,6.604,0,0.762,51.816
93.11,"KAPOHO BEACH 93.11","ARRUDA GENVIEVE","COOP","BI",4,19.48892483,-154.8200037,"USC00513368",NA,NA,NA,NA,NA,430.69959,125.3666,67.033353,72.20001,90.899993,150.933413,142.433387,136.333223,117.366602,95.866649,451.36656
93.13,"Mamalahoa","Hilo Forest Service","HIPPNET","BI",636,19.80256,-155.85062,NA,NA,NA,NA,NA,1.94163230177135,16.9199386297218,0.832128129330578,27.460228267909,27.7376043110192,34.3946293456639,8.59865733641597,8.87603337952616,10.5402896381873,0.277376043110193,1.66425625866116,101.762062808135
93.8,"KONA VILLAGE 93.8","KO VILLAGE RES","COOP","BI",12,19.8314012,-155.9858256,"USC00514765",NA,NA,NA,NA,4.86667,23.2,4.1,3,33,9.2,5.1,0.3,0,0.3,3.8,101.90003
94,"KAUPULEHU LAVA FLOW","RAWS","RAWS","BI",372.1608,19.80333333,-155.9180556,NA,"KPLH1","4870E628",NA,NA,2.38388935190355,9.77394634280455,0,59.3588448623983,19.3095037504187,3.09905615747461,15.0185029169924,3.33744509266496,6.19811231494922,0,0.715166805571065,48.6313427788324
94.5,"PUU WAAWAA","RAWS","RAWS","BI",708.9648,19.795,-155.8452778,"USR0000HPUW","PWWH1","487046D0",NA,NA,1.778,15.494,0.762,25.146,25.4,31.496,7.874,8.128,9.652,0.254,1.524,93.186
95.11,"WAIKOLOA VILLAGE 2.7 ENE","WAIKOLOA VILLAGE 2.7 ENE","CoCoRaHS","BI",265,19.9465,-155.7883,"US1HIHI0047",NA,NA,NA,NA,1.80024015839719,NA,0,NA,NA,NA,NA,NA,NA,0.692400060921995,NA,NA
95.8,"WAIKOLOA 95.8","BOISE CASCADE","COOP","BI",268,19.93389178,-155.7877744,"USC00519142",NA,NA,NA,NA,1.3,NA,0,NA,NA,NA,NA,NA,NA,0.5,NA,NA
95.9,"WAIKOLOA BEACH RT 95.9","COOP","COOP","BI",24,19.91278,-155.87778,"USC00519144",NA,NA,NA,NA,0.8,2.6,0,16.8,3.899997,0.3,10.5,0,1.3,5.6,0.8,69.1
98.1,"PUUKOHOLA HEIAU 98.1","ROSE FUJIMORI","COOP","BI",43,20.02666416,-155.81944,"USC00518422",NA,NA,NA,NA,NA,10.2,0,9.4,0,NA,14.6,1.1,NA,0,6.300003,45.600003
99,"PTA WEST","RAWS","RAWS","BI",1307.592,19.77166667,-155.7022222,"USR0000HPTW","PKWH1","32667176",NA,NA,7.366,26.924,5.588,12.684,17.018,6.096,26.67,2.54,1.778,0.254,0,66.278
100,"Waikii","PARKER RANCH","STATE","BI",1417,19.82,-155.6508,NA,NA,NA,NA,NA,6.858,41.656,13.462,58.674,45.466,18.796,99.568,17.272,9.144,2.032,4.572,125.476
101.1,"PTA KEAMUKU","RAWS","RAWS","BI",1025.9568,19.90222222,-155.6786111,NA,"PKMH1","328FB7BE",NA,NA,9.06148151515866,55.0401099439266,17.78735260383,77.5260085185796,60.074266341237,24.8351715600645,131.559287183044,7.366,17.018,3.81,3.556,139.446
103,"MAKAHALAU 103","PARKER RANCH","COOP","BI",1165,19.9736104,-155.5488883,"USC00515761",NA,NA,NA,NA,28.7,52.6,6.6,36.1,26.7,20.4,30.85,8.55,4.6,15.4,23.55,86.45
103.3,"Mana House","Mana House","SCAN","BI",1288,19.96,-155.54,NA,NA,NA,2097,NA,185.42,228.854,23.622,24.638,20.066,16.6183515838131,127.239076008685,69.0906746760197,42.413045833239,59.0628997457935,55.7202746764905,156.943967959669
104.1,"Silversword","Silversword","SCAN","BI",2835,19.77,-155.42,NA,NA,NA,2101,NA,68.6458220539001,345.928665069373,40.3647717695218,30.7235046271201,35.8655137697343,13.8834246850585,104.382785595069,NA,NA,16.7115297134963,22.6248402275027,NA
107.3,"BRADSHAW ARMY AIR FIELD","BRADSHAW ARMY AIR FIELD","NWS","BI",1887,19.76,-155.55361,"USW00021508",NA,NA,NA,NA,NA,NA,1.6,12.000005,NA,NA,NA,NA,NA,NA,NA,NA
109,"PTA RANGE 17","RAWS","RAWS","BI",1734.312,19.74583333,-155.6261111,NA,NA,"3279630C",NA,NA,7.366,37.592,0,25.146,7.874,1.778,13.716,2.794,0.508,0,1.778,72.39
111,"HALEPOHAKU 111","STATE DIV FTRY","COOP","BI",2811,19.76029046,-155.4555569,"USC00511065",NA,NA,NA,NA,NA,NA,NA,5.000003,9.699999,16.099997,NA,NA,0,NA,NA,NA
113.2,"PUU MALI","RAWS","RAWS","BI",2165,19.92666,-155.44,NA,"PMLH1","3181742E",NA,NA,30.734,184.404,12.446,29.956,18.034,5.08,14.986,19.304,11.684,5.08,36.068,NA
125.12,"Pua Akala","SCAN","SCAN","BI",1949,19.8,-155.3333333,NA,NA,NA,2098,NA,135.636,683.514,79.756,60.706,70.866,27.432,206.248,NA,NA,33.02,44.704,NA
127.5,"Laupahoehoe","Hilo Forest Service","HIPPNET","BI",1145,19.93217,-155.29129,NA,NA,NA,NA,NA,437.96014371295,1120.84669911797,140.556011746841,102.997528546447,181.323748722063,82.32925092472,355.916585894678,179.338607658452,83.8647493467289,89.8597945464124,121.325166958919,837.748066383522
128.1,"Hakalau","Hilo Forest Service","HIPPNET","BI",1665,19.83873,-155.30797,NA,NA,NA,NA,NA,160.438462671484,583.65670258491,112.700627203534,72.0678706108182,102.73573142693,51.8403547119556,199.975865520228,90.4140122584416,49.6825830560727,73.893698974414,70.5690948322753,307.09980239614
129,"HAKALAU","RAWS","RAWS","BI",1950.72,19.82111111,-155.3305556,"USR0000HHAK","HKUH1","8374D370",NA,NA,181.356,688.084,67.818,47.444,82.55,37.338,203.708,88.646,51.562,47.244,53.086,346.156
132.2,"Spencer","Hilo Forest Service","HIPPNET","BI",454,19.96358,-155.25014,NA,NA,NA,NA,NA,446.920485625574,737.217968303687,153.398097211908,127.892734208409,197.815398451826,130.410373374284,322.581582400323,197.83421867872,98.8208011715092,107.490249409052,153.913131030739,667.724922634848
132.3,"POHAKUPUKA","COOP","COOP","BI",82,19.9522,-155.185,"USC00518067",NA,NA,NA,NA,489.7933451104,554.953935809077,87.9172150995471,112.898490341556,128.439023070089,61.0554987434263,189.662983684797,131.190237957661,50.4396771951704,69.9752217095635,117.427873079892,584.645681507237
132.4,"KAPEHU MAUKA 132.4","COOP","COOP","BI",335,19.95,-155.217,"USC00513329",NA,NA,NA,NA,625.315671392221,1027.46928936156,174.557585967151,136.740766316158,188.279671295563,88.2591669663798,307.524498321561,164.847800728427,86.0917459963686,143.949535774397,176.015017443117,749.372010924374
132.5,"KIHALANI 132.5","COOP","COOP","BI",302,19.97278,-155.23944,"USC00514459",NA,NA,NA,NA,390.004752697361,691.5998,103.099874,90.299959,150.499974,68.700031,240.199926,142.678618787786,43.566641,78.3742241342197,104.199993,599.833294
133.1,"LAUPAHOEHOE 133.1","BARNARD EW","COOP","BI",140,19.98027372,-155.2305601,"USC00515427",NA,NA,NA,NA,314.697185895641,586.94739784926,92.4880289841209,90.7136663030103,93.3443547959365,49.6643701877097,170.951107558032,92.1148301604056,52.3210240994155,87.7438748039229,108.319551578197,386.488135439957
133.3,"Laupahoehoe","NWS","HydroNet-UaNet","BI",499.872,19.9792,-155.2372,NA,"LPHH1","B159741A",NA,NA,281.686,644.398,92.964,61.468,114.808,52.07,205.964447157278,116.332,53.34,47.752,77.216,634.492
137.4,"WAILEA 137.4","WAILEA 137.4","COOP","BI",61,19.8875,-155.12528,"USC00519432",NA,NA,NA,NA,435.300373,925.53331,138.099937,177.500069,183.69987,92.300008,191.433407,188.866771,99.133333,162.666651,141.76664,877.60036
138.2,"KAHUNA FALLS 138.2","COOP","COOP","BI",424,19.86139,-155.16361,"USC00512595",NA,NA,NA,NA,591.575,1373.425,295.875,161.925,255.95,107.95,298.1,147.975,102.325,202.8,205.525,897.3
138.3,"HONOMU 2.8 SW","HONOMU 2.8 SW","CoCoRaHS","BI",385,19.8494,-155.15,"US1HIHI0014",NA,NA,NA,NA,582.083970345563,1511.99868237289,266.054874380934,209.399300788372,270.746172112296,123.201626200315,205.391034114769,220.283431955287,117.5195632196,230.74624301056,241.106633652231,1103.47399070004
140.1,"PAPAIKOU MAUKA NO 2 140","MAU KEA SUGAR","COOP","BI",427,19.78695738,-155.1388973,"USC00517724",NA,NA,NA,NA,375.19993,1325.46679,221.166637,148.93327,209.76674,91.93333,24.066667,170.733287,75.700013,183.200024,227.83336,817.40003
140.5,"KAUKU 140.5","COOP","COOP","BI",457,19.835,-155.149,"USC00513473",NA,NA,NA,NA,606.997116185759,1412.65265954658,253.758738632663,198.172509999202,231.708687556736,121.426429699345,272.07615639626,211.182213535298,114.126324249126,204.464691129922,259.635839910465,976.85676166333
144.1,"PAPAIKOU 144.1","MAU KEA SUGAR","COOP","BI",61,19.78362447,-155.0922318,"USC00517711",NA,NA,NA,NA,309.895148751999,688.939294034819,150.681348176153,143.415855426486,149.625978264132,81.4130048511338,152.352039881061,113.736135616932,68.7947330540582,145.123843350276,161.469011741501,554.639840042133
144.11,"PEPEEKEO 0.2 SSE","PEPEEKEO 0.2 SSE","CoCoRaHS","BI",178,19.8313,-155.1077,"US1HIHI0002",NA,NA,NA,NA,357.428344478187,1025.96839737781,178.753783591718,149.905542710636,178.194376566056,86.7684348499437,176.260726591361,153.115999227959,86.4055002004731,158.392053808858,165.503597539917,732.382683330942
144.12,"PAPAIKOU 1.1 N","PAPAIKOU 1.1 N","CoCoRaHS","BI",108,19.8095,-155.0988,"US1HIHI0011",NA,NA,NA,NA,458.38365046371,1190.67954252537,209.514796413301,164.899259883311,213.209133122551,97.019698252882,161.742801359316,173.470373383404,92.5451466349793,181.709702706939,189.868377270233,868.971594851783
147.1,"MIDDLE PEN 147.1","KAHUA RANCH","COOP","BI",421,20.10027112,-155.8322151,"USC00516270",NA,NA,NA,NA,1,18.1333,9.06667,0,50.8,4.3,6.300003,0,48.3,0,3.8,50.1
168,"HAWI 168","KOHALA SUGAR","COOP","BI",183,20.23692665,-155.8272119,"USC00511339",NA,NA,NA,NA,101.752135075486,114.149891510082,57.8362175656407,27.4697623449315,29.5443213635452,13.5054432666123,60.4750988334318,29.0898737272279,49.5417078041512,31.6999818233555,35.1279135571222,201.058665279054
176.3,"Kahua Ranch HQ","KAHUA RANCH","HydroNet-UaNet","BI",987.552,20.1249008,-155.7884,NA,"KASH1","15D293C2",NA,NA,98.044,63.5,13.97,25.2765705803259,7.112,1.016,29.972,42.926,30.48,16.51,47.752,94.996
178.12,"PONOHOLO RCH 178.11","PONOHOLO RCH 178.11","COOP","BI",762,20.12554592,-155.7774941,"USC00518101",NA,NA,NA,NA,126.425,73.5,15.1,39.5,68.4,28.8,64.6,68.775,40.425,34,52.075,134.225
179.3,"POLOLU LOOKOUT 179.3","POLOLU LOOKOUT 179.3","COOP","BI",149,20.20694,-155.73778,"USC00518086",NA,NA,NA,NA,156.963275656712,228.470445095748,77.1221515136367,41.9509045487814,56.4162226783882,27.0564647948982,95.1809659071726,54.7612092698081,37.8745626782451,34.4186592478037,45.1144138177212,300.076641542593
185.7,"KawainuiRainGagenearKamuela","USGS","USGS","BI",1237.488,20.08533333,-155.6811667,NA,"KWSH1","DDF6A592",NA,NA,460.756,336.042,205.994,198.628,253.238,254.254,374.396,275.336,175.514,173.736,238.252,235.712
189,"Waimea Plain","SCAN","SCAN","BI",927,20.01666667,-155.6,NA,NA,NA,2099,NA,16.256,29.718,2.286,15.494,13.462,5.08,5.08,NA,NA,1.27,60.452,NA
191.1,"LALAMILO FLD OF 191.1","DOWALD","COOP","BI",799,20.01083015,-155.6763867,"USC00515260",NA,NA,NA,NA,NA,NA,NA,NA,NA,NA,4.1,NA,NA,NA,NA,NA
192.7,"Kamuela Upper","NWS","HydroNet-UaNet","BI",948.5376,20.0319996,-155.6667,"USC00513080","KUUH1","817075F6",NA,NA,101.092,75.692,27.686,51.7395047737402,51.562,54.102,73.406,51.562,20.32,33.274,61.214,91.694
192.9,"PUUKAPU HMSTD 192.9","COOP","COOP","BI",916,20.0375,-155.6347,"USC00518386",NA,NA,NA,NA,148.4666,127.766774,41.566662,79.233334,85.533403,101.466653,98.733348,92.93329,59.933367,70.033313,83.666628,148.733339
199,"KUKUIHAELE HIC 199","HONOKAA SUGAR","COOP","BI",299,20.11526922,-155.5822202,"USC00514928",NA,NA,NA,NA,397.185062148255,632.680068964346,70.4897397304714,47.2231635108415,102.950755069986,45.4421226881842,NA,107.620086979355,51.9835297759342,91.7399570238326,95.8904545935937,345.822521541215
201.3,"Kamuela 1","NWS","HydroNet-UaNet","BI",877.824,20.0394993,-155.6084,NA,"KMUH1","81706680",NA,NA,93.472,83.312,11.938,39.624,31.242,30.226,39.37,33.02,19.05,22.86,69.088,86.106
206.1,"KUKUIHAELE 206.1","COOP","COOP","BI",226,20.12167,-155.57417,"USC00514927",NA,NA,NA,NA,222.096584689804,331.972604836997,39.0274995416014,34.4341729061642,56.0665595021491,30.925819484027,121.974005244651,68.0363251222672,30.8858736969406,49.6800769026522,54.3304581564838,221.226035474333
214,"HAINA 214","HONOKAA SUGAR","COOP","BI",140,20.09193527,-155.4738903,"USC00510840",NA,NA,NA,NA,289.887258629292,461.764321622465,51.4472455269009,34.4660328863297,75.13905986201,33.1661324349017,NA,78.5469922236054,37.9404070714898,66.9568097666302,69.986068611205,252.400083224763
215,"HONOKAA TOWN 215","HONOKAA SUGAR","COOP","BI",326,20.08026947,-155.4672231,"USC00511856",NA,NA,NA,NA,261.13328,292.4667,24,32.500004,31.799993,34.500003,134.499937,73.033314,44.833334,62.433307,58.899936,165.89993
215.5,"Honokaa","NWS","HydroNet-UaNet","BI",591.9216,20.0656,-155.49,NA,"HNKH1","B15047DC",NA,NA,213.987719866271,291.084,23.114,32.004,28.956,35.052,124.206,62.23,46.228,52.578,62.23,157.226
216.6,"HONOKAA 2.5 SSW","HONOKAA 2.5 SSW","CoCoRaHS","BI",757,20.0417,-155.4777,"US1HIHI0033",NA,NA,NA,NA,382.756669435858,359.403607398184,34.1390179506878,43.6110299138753,45.4123440715975,41.5148239170216,174.349322330219,117.280887910698,64.0586567754528,91.1914866672153,115.679313148686,283.931222034343
216.8,"KALOPA 216.8","COOP","COOP","BI",396,20.06111,-155.43528,"USC00512982",NA,NA,NA,NA,307.899999,395.56676,23.966667,34.33333,72.723458930287,42.700007,146.30003,102.600037,45.833297,83.299973,98.566667,195.60006
216.9,"HONOKAA 2.7 ESE","HONOKAA 2.7 ESE","CoCoRaHS","BI",333,20.0606,-155.43,"US1HIHI0034",NA,NA,NA,NA,390.800697730804,366.95684687923,34.8564848122365,44.5275609285171,46.3667315710763,42.3873009890486,178.013454124698,119.745667380643,65.4049158710747,93.1079703174949,118.110433864308,289.898331078397
217,"PAAUHAU 217","PAAUHAU SUGAR","COOP","BI",122,20.08360173,-155.4372236,"USC00517204",NA,NA,NA,NA,270.43125934058,430.77266522639,47.9943253222996,32.1528194167488,70.0960458911918,30.940162752364,NA,73.2752523339016,35.3940083905449,62.4629536056049,65.2889014864483,235.460063636073
217.2,"PAAUHAU MAUKA 217.2","COOP","COOP","BI",341,20.07306,-155.44722,"USC00517209",NA,NA,NA,NA,304.566504,214.42361059535,20.7496856173206,29.3226633493165,36.7852200095666,29.2396138626937,91.2025139132925,69.200397045463,40.0079379102831,47.2768813328328,79.9458119317551,173.800931971878
221,"PAAUILO 221","HAMAKUA MILL","COOP","BI",244,20.03860487,-155.3688913,"USC00517312",NA,NA,NA,NA,309.41256,492.86637,54.912465,36.787486,80.200037,35.400031,154.784306463667,83.83751,40.495876,71.466673,74.699967,269.400443
221.7,"PAAUILO 2.4 SW","PAAUILO 2.4 SW","CoCoRaHS","BI",613,20.019,-155.3988,"US1HIHI0050",NA,NA,NA,NA,382.040669690421,358.731292813083,34.0751561551554,43.5294493986027,45.3273939469062,41.4371646474907,174.02317760075,117.061497648962,63.9388261216542,91.0209002700246,115.462918855965,283.4000890746
222,"KUKAIAU 222","HAMAKUA MILL","COOP","BI",256,20.02693892,-155.3422253,"USC00514815",NA,NA,NA,NA,364.797399241431,814.774171261231,135.293072627174,92.6869647381085,135.343791502323,66.3163536769314,267.01281175765,116.011971010135,73.1191534948249,122.136012913833,125.610781549281,473.102094917528
223,"OOKALA 223","LAUPAHOEHOE SUG","COOP","BI",131,20.01527222,-155.2838932,"USC00517131",NA,NA,NA,NA,380.449420565906,918.72740316684,140.561935385071,118.32637919867,130.302472808676,65.4189960133267,234.361859609459,115.075283419345,89.6835062959017,133.474473260188,148.340896832371,605.911447662097
249.1,"MAKENA GOLF CRS 249.1","MAKE GC","COOP","MA",30,20.6420893,-156.4388486,"USC00515842",NA,NA,NA,NA,12.9667,29.49997,1,31.699963,9.9,3.8,57.400033,43.6,44.60007,0.5,9.199999,110.899984
250,"ULUPALAKUA RANCH 250","ULUPALAKUA RANCH","COOP","MA",579,20.648174,-156.398497,"USC00518760",NA,NA,NA,NA,6.35,38.608,2.794,120.904,23.622,NA,NA,97.79,28.956,6.096,NA,NA
253,"AUWAHI HN-141","HaleNet","HaleNet","MA",1166,20.64422222,-156.3420556,NA,NA,NA,NA,NA,13.712,39.37,3.048,42.156,27.686,38.1,180.084,19.812,89.658,12.446,19.304,203.458
255,"KepuniGulchRainGage","USGS","USGS","MA",225.552,20.6195,-156.2518889,NA,"KPNH1","F000D4EA",NA,NA,25.908,58.166,3.302,1.27,11.176,10.414,1.016,22.352,8.382,64.516,18.288,416.814
256,"WAIOPAI RANCH 256","HALEAKALA RANCH","COOP","MA",67,20.63014664,-156.2038592,"USC00519765",NA,NA,NA,NA,NA,NA,NA,NA,NA,NA,NA,NA,0,NA,NA,NA
258.6,"OHE'O 258.6","HALEAKALA TL PK","COOP","MA",24,20.662925,-156.04248,"USC00517000",NA,NA,NA,NA,292.542618175646,295.277939324121,67.6063945426476,61.9283628764735,69.6251114417333,120.084630023056,138.56005370469,225.37876116425,86.0009345595023,155.46673,54.4204223191357,402.8270975313
266,"KAUPO GAP","RAWS","RAWS","MA",1228.344,20.68416667,-156.1519444,"USR0000HKAU","KPGH1","FA45A6E0",NA,NA,159.512,357.632,44.958,16.8165967559651,53.086,39.624,31.496,38.8980807078272,44.7373904014321,59.436,61.214,735.566058711989
267,"KULA HOSPITAL 267","KULA SATORIUM","COOP","MA",916,20.70013977,-156.3555187,"USC00515004",NA,NA,NA,NA,22.17083,26.937507,0,40.39997,11.2,25.29999,65.499937,52.600003,76.600037,17.000006,25.400004,142.166607
267.8,"KULA 1","KULA 1","RAWS","MA",1998.5736,20.68305556,-156.3216667,NA,"KLFH1","AA10F12E",NA,NA,74.2365394016078,76.8997336402307,5.65928775707325,33.2899279827838,9.6540791150073,27.6306402257105,37.6176186205457,33.2899279827838,NA,NA,NA,NA
276,"BIG BOG HN-164","HaleNet","HaleNet","MA",1650,20.72655556,-156.09225,NA,NA,NA,NA,NA,1027.944,1151.892,799.35,528.072,507.236,300.99,536.956,573.296,288.546,570.982,672.348,1907.56
277,"HORSHOE PU'U HN-163","HaleNet","HaleNet","MA",1930,20.73630556,-156.1071389,NA,NA,NA,NA,NA,867.727972979883,1099.61843193774,455.170544454213,280.371646892745,277.128018803737,195.179740661007,315.49448999347,319.303810030827,212.931813652694,340.454014222159,490.6488309294,1844.37684951646
278,"TREE LINE HN-162","HaleNet","HaleNet","MA",2195,20.73422222,-156.1228889,NA,NA,NA,NA,NA,745.228,641.348,240.786,169.418,191.516,123.19,231.648977048967,279.828213739944,128.12818352668,221.992,320.548,1042.402
278.1,"Lakes - Subalpine","Lakes - Subalpine","Little HaleNet","MA",2228,20.73492113,-156.1234398,NA,NA,NA,NA,NA,675,802.8,307.4,145.8,158.8,125.4,192.8,252.2,105.4,235,350.4,1317.4
278.11,"Puu Alaea - Cloud forest","Puu Alaea - Cloud forest","Little HaleNet","MA",1993,20.745673,-156.1425145,NA,NA,NA,NA,NA,761.4,469.6,90,133.6,114.8,59.2,214.2,220.6,103.4,108.8,250,833.6
278.12,"Puu Alaea - Forest line","Puu Alaea - Forest line","Little HaleNet","MA",2033,20.74567736,-156.1424321,NA,NA,NA,NA,NA,833.2,556.8,102,136,121.8,64.8,241.8,244.4,113.2,126.6,301,1003.4
278.2,"Lakes - Forest line","Lakes - Forest line","Little HaleNet","MA",2182,20.735063,-156.1222481,NA,NA,NA,NA,NA,811.8,624.8,175.4,156.2,179.8,88.6,268.4,312.8,120.8,182.6,297.2,1094.4
278.3,"Lakes - Cloud forest","Lakes - Cloud forest","Little HaleNet","MA",2143,20.73575551,-156.1214124,NA,NA,NA,NA,NA,857.4,771.6,256.2,187.2,202.2,132,289,353.6,145.2,235.6,346.8,1291.6
278.4,"Lakes - Alpine","Lakes - Alpine","Little HaleNet","MA",2304,20.73450891,-156.1273482,NA,NA,NA,NA,NA,689.662768694337,675.724422581607,246.193510015868,228.100180788257,167.305463573838,115.78010910686,210.401452560199,254.931949522652,111.52955783835,212.241637228932,330,1320.6
278.5,"Frisbee - Alpine","Frisbee - Alpine","Little HaleNet","MA",2320,20.73857613,-156.1365744,NA,NA,NA,NA,NA,416.2,630.4,174,93.8,77.6,74.4,130.8,147,67.4,132,263.8,1157.8
278.6,"Frisbee - Subalpine","Frisbee - Subalpine","Little HaleNet","MA",2191,20.74071537,-156.1350318,NA,NA,NA,NA,NA,589.2,623.2,143.8,129.2,99.4,72.6,180,189,81.8,122.4,260.4,1060.4
278.7,"Frisbee - Forest line","Frisbee - Forest line","Little HaleNet","MA",2135,20.74195056,-156.1342138,NA,NA,NA,NA,NA,855.4,746.8,179.4,156.8,136.8,91,266.6,298.4,103.8,167.2,333.6,1230.4
278.71,"Frisbee - Cloud forest","Frisbee - Cloud forest","Little HaleNet","MA",2087,20.73622225,-156.1341472,NA,NA,NA,NA,NA,859.8,684,153.2,165.2,155.6,96.2,284.6,305.6,133,168,319.2,1167.6
278.8,"Puu Alaea - Alpine","Puu Alaea - Alpine","Little HaleNet","MA",2320,20.74402239,-156.1421477,NA,NA,NA,NA,NA,446,574.8,137.6,86.6,63.8,55,125,126.2,64.2,103.6,243.6,1043.8
278.9,"Puu Alaea - Subalpine","Puu Alaea - Subalpine","Little HaleNet","MA",2075,20.74489428,-156.1421289,NA,NA,NA,NA,NA,758.2,602,122.4,137.2,115.4,76.2,209.2,233.8,102.8,125.8,257.2,963.2
279,"POHAKAU PALAHA HN-161","HaleNet","HaleNet","MA",2460,20.73061111,-156.1413056,NA,NA,NA,NA,NA,319.02,613.672,173.224,85.602,75.692,75.946,102.108,130.558,74.676,115.316,209.292,1054.616
280.1,"OheoGulchRGatdamnearKipahulu","OheoGulchRGatdamnearKipahulu","USGS","MA",128.016,20.66836111,-156.0522222,NA,NA,NA,NA,NA,340.868,390.906,121.92,78.232,137.16,180.848,149.86,300.228,158.242,190.754,107.696,583.946
297,"Olowalu","USGS","USGS","MA",40,20.82305556,-156.6341667,NA,NA,NA,NA,NA,8.382,19.304,4.572,7.62,12.7,0.508,6.35,2.54,1.778,0,40.894,121.412
307.2,"POHAKEA BRIDGE 307.2","WAILUKU SUGAR","COOP","MA",50,20.81346495,-156.5071787,"USC00518060",NA,NA,NA,NA,26.05,6.425,0,8,0,0,1.6,5.6,5.05,1.85,8.2,116.4
307.3,"F908","F908","HC&S","MA",41,20.80713456,-156.5024709,NA,NA,NA,NA,NA,32.004,6.604,0,10.414,0,0,2.794,0,2.54,0,7.874,105.918
310.2,"F907","F907","HC&S","MA",49,20.82150733,-156.4993746,NA,NA,NA,NA,NA,32.512,5.588,0,12.192,0,0,2.54,8.636,5.334,0,9.652,114.808
311,"KIHEI 311","HC&S","COOP","MA",26,20.78513334,-156.4505143,"USC00514489",NA,NA,NA,NA,2.800001,21.69997,0.5,11.4,0.8,1.41667,7.483333,0.8,3.8,0,2.1,96.508333
311.5,"Kihei 2","NWS","HydroNet-UaNet","MA",54.5592,20.7061005,-156.437,NA,"KHIH1","93202508",NA,NA,2.794,23.114,0,12.7,0,0,7.62,0.762,1.016,0,3.302,108.966
311.6,"F820","F820","HC&S","MA",68,20.79125141,-156.4421843,NA,NA,NA,NA,NA,29.718,10.668,0,9.652,0,0,2.54,1.524,0,0,0,114.554
311.7,"F911","F911","HC&S","MA",67,20.81911804,-156.4730019,NA,NA,NA,NA,NA,27.178,3.81,0,8.89,0,0,7.874,2.286,1.524,0,11.43,100.076
313.4,"F811","F811","HC&S","MA",105,20.80733084,-156.431548,NA,NA,NA,NA,NA,29.21,5.588,0,10.16,0,0,1.016,1.016,0,0,4.318,112.014
314.2,"F415","F415","HC&S","MA",211,20.7839958,-156.4081719,NA,NA,NA,NA,NA,32.766,13.716,0,11.684,0,0,18.796,1.27,0,0,5.842,168.148
314.3,"F805","F805","HC&S","MA",149,20.8141153,-156.416852,NA,NA,NA,NA,NA,36.576,8.382,0,12.7,0,0,0,0,0,0,8.89,109.982
315.1,"F406","F406","HC&S","MA",158,20.8249298,-156.4062924,NA,NA,NA,NA,NA,35.306,9.906,5.588,13.716,0,0,1.27,5.842,0,0.254,18.034,165.1
316.4,"F506","F506","HC&S","MA",168,20.83612045,-156.4021379,NA,NA,NA,NA,NA,39.878,7.112,10.16,16.256,0,0,0,7.366,0,0,15.24,102.616
317.3,"F413","F413","HC&S","MA",256,20.81767236,-156.3869903,NA,NA,NA,NA,NA,42.418,12.192,2.032,14.732,0,0,0.508,7.366,1.016,0,23.622,167.64
321.6,"F400","F400","HC&S","MA",323,20.82032023,-156.3680169,NA,NA,NA,NA,NA,51.308,17.526,5.588,30.734,0,0,1.016,4.572,0,0,44.958,157.734
324.6,"KULA AG HN-119","HaleNet","HaleNet","MA",965,20.75788889,-156.3200278,NA,NA,NA,NA,NA,14.478,21.338,3.81,70.86,4.572,7.112,11.43,6.858,18.288,32.264,60.198,108.204
324.7,"Kula Branch Stn","NWS","HydroNet-UaNet","MA",944.88,20.7577991,-156.3217,"USC00515000","KBSH1","93220610",NA,NA,15.494,25.146,3.048,65.278,4.318,7.366,9.652,6.096,17.526,29.718,71.882,115.824
328.4,"PU'U PAHU HN-106","HaleNet","HaleNet","MA",960,20.75763889,-156.2775,NA,NA,NA,NA,NA,56.642,58.674,4.318,25.4,7.366,21.082,28.702,25.4,19.7815830701909,24.7295967366883,61.5087823149962,143.499330754999
337,"south rim","south rim","CraterNet","MA",2898,20.703948,-156.241101,NA,NA,NA,NA,NA,148.101617039877,127.517525098072,7.10180606523514,9.7075578700597,8.7574084751279,10.0603455883403,37.2372653787094,63.602187007149,11.9790267122086,8.86313446825907,42.4302228923205,309.465172076302
337.1,"Sliding Sands","Sliding Sands","CraterNet","MA",2697,20.714563,-156.2394,NA,NA,NA,NA,NA,140.870924125381,121.291799250984,6.75507805630195,9.23361051343358,8.32984979834851,9.56917424924947,35.4192485581601,60.4969684948135,11.3941805417093,8.43041398295463,40.358672843374,294.356305125761
337.2,"Puu o Pele","Puu o Pele","CraterNet","MA",2424,20.709651,-156.224485,NA,NA,NA,NA,NA,142.132917321,122.378392714394,6.81559347206894,9.31632988019644,8.40447281818962,9.65489976617373,35.7365521532906,61.0389310259038,11.4962553907427,8.50593790777301,40.720226306793,296.993298220416
337.3,"Lava lake","Lava lake","CraterNet","MA",2270,20.718443,-156.212261,NA,NA,NA,NA,NA,110.05085187786,157.984566976105,25.4607009154871,14.9897515001914,10.9832953596762,12.5095246931366,31.1469004166187,54.0503746623393,16.5024906070926,17.6093036382047,43.3702357528632,346.498438072641
337.4,"Silversword loop","Silversword loop","CraterNet","MA",2186,20.731704,-156.205387,NA,NA,NA,NA,NA,155.24121398521,133.664816065338,7.44416581729679,10.175534195376,9.17958054892251,10.5453288995771,39.0323778931043,66.6682843877772,12.5565046913959,9.29040331947374,44.4756744937724,324.383689790044
337.6,"Puu Nole","Puu Nole","CraterNet","MA",2261,20.717807,-156.188007,NA,NA,NA,NA,NA,116.885292541942,167.795814507721,27.0418758605566,15.9206535827223,11.6653862217724,13.286398318304,33.0812029607162,57.4070418048266,17.5273376749637,18.7028866391313,46.0636388277359,368.016881363136
339.4,"PARK HQ HN-151","HaleNet","HaleNet","MA",2120,20.75980556,-156.2481667,NA,NA,NA,NA,NA,253.710255840961,121.916,3.048,14.732,22.352,21.336,59.69,79.756,12.446,14.478,77.988,249.436
339.5,"NENE NEST HN-152","HaleNet","HaleNet","MA",2590,20.73819444,-156.2458333,NA,NA,NA,NA,NA,171.45,140.466,5.842,8.89,5.842,7.874,36.576,72.898,12.192,9.652,43.434,308.35
339.6,"SUMMIT HN-153","HaleNet","HaleNet","MA",2990,20.71036111,-156.25675,NA,NA,NA,NA,NA,59.942,143.512,13.462,8.128,1.778,4.572,25.658,51.816,13.716,4.826,18.542,424.928
348.5,"WestWailuaikiRainGagenrKeanae","USGS","USGS","MA",472.44,20.81436111,-156.1429722,NA,"WWKH1","DD5E710A",NA,NA,719.328,566.674,252.476,311.15,160.782,137.922,361.696,394.462,178.308,274.574,185.674,780.288
361.1,"Lahainaluna","NWS","HydroNet-UaNet","MA",238.0488,20.8909,-156.6556,NA,"LAHH1","81700366",NA,NA,2.286,19.812,19.812,1.778,6.858,1.27,7.62,2.54,9.398,2.794,8.382,80.01
364,"WAHIKULI 364","PIONEER MILL","COOP","MA",177,20.89679257,-156.6621736,"USC00518955",NA,NA,NA,NA,25.4648407562804,17.4172006567397,8.93752080164737,11.3750175759937,0.193452831204488,0,7.17924710617579,5.0297736113167,15.514915901883,0.859252862964717,10.9781823666646,57.0400769643694
380,"PuuKukuiRainGageatalt","BALDWIN PKRS","USGS","MA",1759,20.89083333,-156.6008333,"USC00514887","PKKH1","DD73556E",NA,NA,995.148795,497.033353157526,341.69624,282.304105,242.263937252835,237.267545,677.266585,418.16464,167.668455,299.499955,415.266955,805.82979
386,"WAILUKU 386","WAILUKU SUGAR","COOP","MA",55,20.89345755,-156.4971783,"USC00519484",NA,NA,NA,NA,86.6107866978686,50.7665860176789,3.93819221912179,33.8610365385057,2.79685639569776,12.3362782888777,36.6091660578565,32.519622309363,19.7765462555569,23.1635637122002,50.5592382945539,136.986581190679
390,"WAIKAPU 390","WAILUKU SUGAR","COOP","MA",130,20.8491,-156.5092,"USC00519376",NA,NA,NA,NA,72.333531698356,36.7879970546135,1.5161924980594,26.2111460180638,1.583200267912,3.02936003984292,20.1872474979407,20.523140391496,14.7241379194649,12.1866496745274,35.0346198260101,162.145937117481
390.4,"Waikapu Country Club","NWS","HydroNet-UaNet","MA",145.9992,20.8346996,-156.5135,NA,"WCCH1","9320E016",NA,NA,23.876,14.732,0,14.478,1.016,0.254,5.588,8.382,12.954,3.048,15.748,122.682
390.5,"F747","F747","HC&S","MA",125,20.84763533,-156.505028,NA,NA,NA,NA,NA,64.008,30.988,0,20.574,0,6.35,6.096,17.272,13.97,8.89,21.844,130.556
391.2,"F717","F717","HC&S","MA",53,20.85476999,-156.4578408,NA,NA,NA,NA,NA,40.132,17.526,0,16.256,0,0,7.874,9.398,3.048,1.27,14.224,104.902
393.2,"F719","F719","HC&S","MA",76,20.84959149,-156.4820377,NA,NA,NA,NA,NA,42.164,32.766,0,15.24,0,0,11.176,9.144,7.112,3.81,16.764,120.396
394.2,"F902","F902","HC&S","MA",55,20.83706303,-156.4693951,NA,NA,NA,NA,NA,30.988,8.636,0,13.97,0,0,2.794,5.588,2.794,0,10.414,107.95
396,"PUUNENE 396","HC&S","COOP","MA",18,20.8717927,-156.4538466,"USC00518543",NA,NA,NA,NA,22.008337,9.991673,1.8,10.4,0,1.220833,5.77916,8.2,2.299997,2.1,8.900003,125
396.2,"F711","F711","HC&S","MA",44,20.86912591,-156.4511897,NA,NA,NA,NA,NA,37.592,33.02,0,18.288,0,0,11.938,3.81,2.54,0,0,92.202
396.3,"F713","F713","HC&S","MA",48,20.8699525,-156.4540587,NA,NA,NA,NA,NA,37.084,32.766,0,17.272,0,0,10.922,3.81,3.302,0,0,106.426
397.5,"F710","F710","HC&S","MA",150,20.87780745,-156.4441986,NA,NA,NA,NA,NA,35.56,39.878,0,17.78,0,0,13.716,2.54,2.54,0,0,91.694
398,"KAHULUI AIRPORT","NOAA-NWS","NWS","MA",12,20.8887,-156.41,"USW00022516","HOG",NA,NA,NA,36.3,26.2,0.3,16.7,1.1,0.3,12.2,10.2,4.9,3.4,16.7,115.4
400,"SPRECKELSVILLE 400","HC&S","COOP","MA",20,20.897526,-156.41427,"USC00518688",NA,NA,NA,NA,60.19993,39.699977,1.466667,18.033329,1.9,3.46667,20.633343,9.133328,9.36666,10.099996,23.599997,113.1
400.3,"F607","F607","HC&S","MA",49,20.89402698,-156.4104194,NA,NA,NA,NA,NA,68.326,59.69,0,26.67,2.032,0,23.114,8.128,9.652,7.366,25.908,141.478
401.2,"F809","F809","HC&S","MA",107,20.83524019,-156.4319358,NA,NA,NA,NA,NA,35.306,6.35,5.588,14.224,0,0,2.54,6.35,0,0,9.144,113.538
401.3,"F806","F806","HC&S","MA",469,20.83874483,-156.4124556,NA,NA,NA,NA,NA,41.148,6.35,8.128,16.764,0,0,0,7.874,0,0,10.668,109.474
402.1,"F510","F510","HC&S","MA",124,20.85981111,-156.4020622,NA,NA,NA,NA,NA,52.324,24.638,7.112,19.558,1.27,0,22.098,4.572,5.08,0,12.954,109.982
403.2,"F611","F611","HC&S","MA",54,20.89534923,-156.3963662,NA,NA,NA,NA,NA,78.232,83.566,0.508,31.75,2.794,1.016,29.464,10.414,9.906,7.112,22.1996,121.158
404.6,"F508","F508","HC&S","MA",120,20.87524327,-156.3882089,NA,NA,NA,NA,NA,67.564,22.352,6.35,26.67,1.27,0,30.226,8.382,5.842,0,19.812,122.174
404.7,"F603","F603","HC&S","MA",82,20.87685627,-156.4060842,NA,NA,NA,NA,NA,51.816,55.626,0,18.542,0.508,0,27.686,4.826,9.144,6.604,27.94,120.2436
405.1,"F212","F212","HC&S","MA",84,20.89634184,-156.3791104,NA,NA,NA,NA,NA,96.774,127.762,1.778,35.306,4.064,7.62,40.132,23.622,9.906,12.446,31.242,126.746
406,"PAIA 406","HC&S","COOP","MA",50,20.9051221,-156.3738494,"USC00517566",NA,NA,NA,NA,90.125,85.575,1.1,12.5,8.7,13.45,53.35,16.7,0,11.2,26.9619533628429,132.325
406.3,"F208","F208","HC&S","MA",71,20.90699057,-156.3741158,NA,NA,NA,NA,NA,122.174,128.778,3.556,38.862,6.096,8.636,48.514,28.448,13.716,15.748,26.162,150.368
407.1,"F209","F209","HC&S","MA",153,20.87564139,-156.3759149,NA,NA,NA,NA,NA,92.964,35.814,3.556,30.48,5.08,0,37.084,15.24,5.588,0,28.448,130.556
410,"KEAHUA 410","HC&S","COOP","MA",120,20.85846016,-156.3805162,"USC00513910",NA,NA,NA,NA,26.225,12.425,7.1,14.7,0.5,0.225,13.675,5.775,4.525,0.825,11.575,101.8
411.1,"F311","F311","HC&S","MA",181,20.84564409,-156.3868064,NA,NA,NA,NA,NA,52.832,18.796,15.24,17.272,0,0,6.35,8.636,1.016,0,22.098,150.876
413.2,"F205","F205","HC&S","MA",137,20.89217282,-156.3640467,NA,NA,NA,NA,NA,105.156,129.794,5.842,37.338,6.35,6.096,53.594,27.178,11.176,16.51,26.67,117.602
415.1,"F306","F306","HC&S","MA",221,20.86600756,-156.3679354,NA,NA,NA,NA,NA,90.424,62.23,4.318,24.13,1.778,0.762,28.702,13.462,8.382,4.318,33.782,158.242
416.1,"F102","F102","HC&S","MA",176,20.90032024,-156.3489987,NA,NA,NA,NA,NA,140.716,185.42,10.668,51.816,10.16,15.24,73.914,37.846,23.114,24.638,35.814,157.226
417.1,"F201","F201","HC&S","MA",276,20.87584239,-156.3509271,NA,NA,NA,NA,NA,100.076,120.65,5.588,54.61,6.096,2.794,41.91,31.496,6.35,7.62,38.354,160.528
419.1,"F301","F301","HC&S","MA",354,20.84919845,-156.3507995,NA,NA,NA,NA,NA,90.424,75.184,12.7,26.162,1.778,1.524,16.764,13.716,6.35,0.762,53.594,178.562
420.1,"F307","F307","HC&S","MA",345,20.83446023,-156.3556341,NA,NA,NA,NA,NA,65.786,38.1,16.764,24.892,1.016,1.016,7.366,11.43,1.524,2.286,51.054,158.75
421.4,"F116","F116","HC&S","MA",287,20.89378893,-156.3338403,NA,NA,NA,NA,NA,141.986,211.582,10.16,54.61,10.16,15.24,69.088,36.576,17.526,25.654,37.592,166.878
423,"HALIIMAILE 423","MAUI PINE","COOP","MA",326,20.86679262,-156.3405177,"USC00511075",NA,NA,NA,NA,92.1577886198988,64.1987248096685,14.1145212129207,34.4024707410573,14.4543789035819,15.7991936987255,47.1955594997874,26.3517446548123,8.76086711977949,18.8337169971145,37.1505292334165,136.484306156631
424.2,"F300","F300","HC&S","MA",336,20.85869098,-156.3485662,NA,NA,NA,NA,NA,96.774,86.36,8.128,27.686,1.27,1.778,28.702,16.51,6.35,2.794,43.942,181.864
426.6,"Pukalani","NWS","HydroNet-UaNet","MA",495.9096,20.8355007,-156.3307,NA,"PUKH1","15D2B52E",NA,NA,88.392,42.926,21.59,22.352,4.064,4.318,10.668,16.51,3.81,1.27,61.722,NA
432,"HALEAKALA RANCH 432","HALEAKALA RANCH","COOP","MA",564,20.83346191,-156.3138527,"USC00510999",NA,NA,NA,NA,NA,NA,NA,NA,NA,NA,NA,NA,NA,0,NA,NA
446,"KAILUA 446","EMI","COOP","MA",213,20.89012208,-156.2121892,"USC00512679",NA,NA,NA,NA,371.973286826129,436.324194798376,86.1921195913562,150.54961448335,71.252807215394,71.0531503675037,144.549976987053,179.987835599441,92.6065723213421,122.465059489955,98.1057381148619,369.485553951967
457.1,"PUUKOLII 457.1","COOP","COOP","MA",128,20.93194,-156.67611,"USC00518407",NA,NA,NA,NA,65.816666,73.99164,23.1,29.399977,0.5,0,19.499996,13,40.099997,2.220833,30.433341,150.545764
462.4,"KAPALUA W.MAUI AIRPORT 462.4","KAPALUA W.MAUI AIRPORT 462.4","NWS","MA",73,20.9625,-156.6753,"USC00513317",NA,NA,NA,NA,98.700009,35.166697,11.300007,64.099999,7.9,9.900001,40.999997,20.366656,7.033336,16.333327,43.266664,139.59999
465.1,"Mahinahina","NWS","HydroNet-UaNet","MA",223.1136,20.9552002,-156.6562,NA,"MABH1","190524C8",NA,NA,139.446,77.216,22.352,73.914,14.478,25.908,51.054,35.814,10.16,28.194,56.134,53.34
466,"MAHINAHINA 466","PIONEER MILL","COOP","MA",257,20.94678808,-156.6555055,"USC00515715",NA,NA,NA,NA,232.15415,134.645807,51.070802,113.029165,55.09999,53.862481,105.23754,87.049977,32.649988,71.616698,97.483359,192.099946
474,"FIELD 46 474","MAUI PINE","COOP","MA",319,20.9951177,-156.6391163,"USC00510541",NA,NA,NA,NA,198.048782014967,172.948478794546,36.4676072765485,75.6777414150145,34.9807318619418,33.5470066765334,84.0830741910146,78.263508079471,30.9020003673511,52.6870736095478,67.8769319150796,168.74443113773
482,"WAIHEE VALLEY 482","WAILUKU SUGAR","COOP","MA",91,20.94012106,-156.5255102,"USC00519315",NA,NA,NA,NA,83.95,48.525,8.175,35.625,3.6,33.1,54,48.55,24.425,39.1,60.425,138.4
482.4,"KAHAKULOA MAUKA 482","NWS","COOP","MA",334,20.9539,-156.5342,"USC00512450",NA,NA,NA,NA,79.756,54.356,5.588,36.83,5.842,21.844,43.688,66.548,33.782,35.56,61.468,100.010090213321
484,"WAIEHU CAMP 484","WAILUKU SUGAR","COOP","MA",98,20.91623388,-156.5088444,"USC00519275",NA,NA,NA,NA,83.8,42.275,2.6,39.8,2.1,4.3,29.3,40.925,22.425,19.7,59.45,98.4
485,"HAMAKUAPOKO 485","HC&S","COOP","MA",98,20.91345401,-156.3455169,"USC00511086",NA,NA,NA,NA,168.39164,140.67074,18.729167,47.970828,16.437497,19.983329,72.879123,63.729157,23.270846,36.399973,55.4413231544687,169.93348
485.5,"F105","F105","HC&S","MA",54,20.92051345,-156.3613979,NA,NA,NA,NA,NA,138.938,131.826,8.382,44.45,13.716,13.716,63.754,40.64,17.526,20.32,21.082,145.542
485.6,"F119","F119","HC&S","MA",320,20.88820671,-156.329644,NA,NA,NA,NA,NA,178.562,247.396,10.922,62.23,16.002,22.606,85.09,60.198,25.908,36.83,45.466,202.184
486.6,"F109","F109","HC&S","MA",108,20.92346429,-156.3401955,NA,NA,NA,NA,NA,160.02,140.97,12.954,50.292,12.7,20.574,74.93,54.102,35.306,27.686,23.368,174.244
486.7,"HAIKU 3.2 SE","HAIKU 3.2 SE","CoCoRaHS","MA",416,20.92011989,-156.3071849,"US1HIMI0001",NA,NA,NA,NA,361.078094929511,301.636843797735,40.1604969223927,102.862678850513,35.2465247215928,42.8497659721685,156.272929540763,136.652880160937,49.8991086557386,78.051576113432,NA,364.384224912484
489,"Haiku","NWS","HydroNet-UaNet","MA",99.3648,20.9288998,-156.3225,"USC00510822","AIKH1","50A30568",NA,NA,132.334,132.08,19.558,73.66,32.512,26.162,71.12,76.2,33.782,32.512,37.592,202.438
490.7,"KUIAHA 490.7","COOP","COOP","MA",341,20.89306,-156.30306,"USC00514806",NA,NA,NA,NA,298.310848926104,278.866696,40.033337,101.166713,37.8,28.70001,132.90004,112.49996,34.100013,62.400039,84.999994,267.7001
492.2,"HALEHAKU 492.2","COOP","COOP","MA",210,20.91,-156.282,"USC00511016",NA,NA,NA,NA,286.206847318039,262.33436484299,49.8080330476352,105.303926488734,43.125860664998,40.7767903740226,125.948350242376,122.639416804897,46.6506656423869,75.3705462603869,75.7000712147488,295.493556402768
493,"HONOKOHUA 493","MAUI LAND&PINE CO","COOP","MA",38,21.00011804,-156.655505,"USC00511887",NA,NA,NA,NA,113.030026024291,70.5944812556336,18.8801758298876,52.3083416137761,19.1178778071962,19.9436900579918,52.4847649566461,41.8674797805584,13.1692459304143,31.1466772408957,43.7928406772888,99.722141078701
499.11,"LUA MAKIKA","RAWS","RAWS","KO",335.28,20.5625,-156.5630556,"USR0000HLUA","HLUA",NA,NA,NA,6.858,49.276,0,26.6688004251158,13.462,9.398,6.858,31.242,36.0007480262834,32.512,15.494,143.449147782061
499.12,"KEALIALALO","RAWS","RAWS","KO",251.46,20.54361111,-156.6408333,"USR0000HKLL","KLLH1","32792006",NA,NA,7.112,17.272,0.508,15.3010570178668,7.874,22.7905369792786,11.3578712566523,17.1973498920058,11.5245491495218,16.51,8.54377952155639,85.2680831592637
499.13,"HAKIOAWA","RAWS","RAWS","KO",365.76,20.58027778,-156.5711111,"USR0000HHAI","HKIH1","3279159C",NA,NA,5.334,70.358,0,12.438,14.732,15.24,12.954,26.416,42.418,23.368,11.684,142.207623203244
499.6,"KAHOOLAWE 499.6","COOP","COOP","KO",366,20.55694,-156.575,"USC00512558","KRTH1","15DEF7B8",NA,NA,24.1,55.2,0,11.5,9.6,15.9,5.1,37.5,40.5,54.7,NA,140
499.8,"HONOKANAI'A","RAWS","RAWS","KO",21.336,20.50888889,-156.6816667,"USR0000HHON","HKAH1","3.28E+05",NA,NA,NA,12.446,NA,NA,18.796,25.4,1.016,NA,18.288,NA,7.366,NA
499.9,"KANELOA","RAWS","RAWS","KO",248.412,20.52222222,-156.5658333,"USR0000HKAN","KAOH1","32793370",NA,NA,1.27,16.51,0.508,16.002,33.02,1.778,10.668,22.352,24.068,27.178,37.338,117.612
511,"MAUNALOA 511","MOLOKAI RANCH CO","COOP","MO",314,21.13348648,-157.2121842,"USC00516190",NA,NA,NA,NA,25.849994,14,0,NA,13.2,NA,NA,NA,NA,NA,NA,NA
524,"MOLOKAI KAUNAKAKAI MOLOKAI AIRPORT","ALOHA AIRLINES","NWS","MO",141,21.15514996,-157.0924625,"USW00022534","HMK",NA,NA,NA,25.2,24.8,0.5,42.1,10.7,19.1,36.9,4.1,50.7,22.1,101.8,147.3
533.1,"F308","CPC","HC&S","MO",169,21.13709456,-157.0257959,NA,NA,NA,NA,NA,57.15,37.084,9.906,18.034,0.508,0.762,17.526,8.89,5.842,1.016,23.368,173.228
536,"KAUNAKAKAI 536","MOLOKAI RANCH","COOP","MO",3,21.08876308,-157.0216311,"USC00513541",NA,NA,NA,NA,2.299997,32.20003,2.300003,9.2,NA,0.354167,2.245833,3.100003,0.6,2.799997,34.487463,NA
536.5,"Kaunakakai Mauka","MOLOKAI GEN HOSP","HydroNet-UaNet","MO",28.3464,21.0946007,-157.0174,NA,"KACH1","50A0F2E2",NA,NA,3.048,19.558,1.27,8.382,5.842,0,2.54,1.524,2.032,4.064,24.384,103.378
538,"MOLOKAI 1","RAWS","RAWS","MO",833.0184,21.115,-156.9475,"USR0000HMLK","MLKH1","487016AC",NA,NA,38.1,57.658,0.762,43.434,50.546,15.494,46.736,5.334,16.256,8.128,87.376,207.734
542.1,"PUU O HOKU RANCH 542.1","PUUOHOKU RANCH","COOP","MO",205,21.1447,-156.7329,"USC00518549",NA,NA,NA,NA,NA,NA,NA,NA,17.899998,25.837497,78.662504,63.799993,NA,NA,152.90003,NA
542.11,"Kamalo","NWS","HydroNet-UaNet","MO",8.8392,21.052,-156.871,"USC00513045","KMLH1",NA,NA,NA,NA,NA,NA,18.542,56.134,11.938,30.226,29.972,7.366,41.656,61.722,185.166
550.2,"KEPUHI SHERATON 550.2","SHERATON HOTEL","COOP","MO",33,21.19265034,-157.2430152,"USC00514400",NA,NA,NA,NA,NA,NA,6.6,NA,NA,NA,NA,NA,NA,NA,NA,NA
551.5,"KakaakoRainGagenearMaunaLoa","USGS","USGS","MO",115.824,21.17447222,-157.2056667,NA,NA,NA,NA,NA,28.956,18.796,12.192,32.004,41.148,31.496,33.274,6.858,27.686,NA,NA,NA
553,"MAKAPULAPAI","RAWS","RAWS","MO",22.86,21.20333333,-156.9661111,"USR0000HMAK","MKPH1","FA9024CE",NA,NA,35.306,19.812,0.854000000000023,30.48,NA,8.128,14.732,23.06,21.844,NA,114.808,132.578
672.1,"Lanai City","NWS","HydroNet-UaNet","LA",498.0432,20.8262997,-156.9182,"USC00515286","LANH1",NA,NA,NA,17.78,30.226,5.842,42.672,16.764,48.514,41.656,10.922,0,0,0,23.368
679,"LANAI 1","RAWS","RAWS","LA",387.096,20.87333333,-157.0063889,"USR0000HLAN","LNIH1","48702336",NA,NA,1.778,15.494,4.572,37.5679999999999,6.096,32.766,56.642,15.932,11.43,NA,NA,150.876
702.2,"HONOLULU OBSERV 702.2","USC&GEODETIC SURVEY","COOP","OA",2,21.313926,-157.999529,"USC00511918",NA,NA,NA,NA,NA,NA,17.3,30.1,56.5,NA,NA,NA,65.2125,14.3,NA,211.225
702.5,"CAMPBELL IND PK 702.5","STD OIL CO","COOP","OA",3,21.30572953,-158.1078106,"USC00510248",NA,NA,NA,NA,5.5,24.8,10.2,17.599997,70.299967,6.2,15.7,11.09999,7.899993,25.70003,50.500006,165.700064
702.8,"PTWC","NWS","HydroNet-UaNet","OA",1.524,21.3150005,-157.9992,NA,"PTWH1",NA,NA,NA,15.2672592462125,23.7936616676722,3.01511458752952,21.3524766309729,25.2740072003023,18.2157934523649,28.2821963271297,18.1509071332842,28.702039521583,21.9119905729667,84.7366125619863,336.130629169997
703,"HONOLULU INTERNATIONAL AIRPORT","USWB","NWS","OA",2.1,21.324,-157.9294,"USW00022521",NA,NA,NA,NA,7.4,10.8,2.1,5.2,13.6,14.1,20.6,10,11.1,14.4,74.6,192.8
703.1,"HONOLULU FIRE STATION 703.1, HI US","COOP","COOP","OA",1,21.3287,-157.9298,"USC00511925",NA,NA,NA,NA,54.054440412454,53.6437547992307,15.4582064817259,23.5733541990189,16.6902633213959,18.2837235007024,17.1338037836771,19.2529415479095,15.9674566421229,21.4788575715799,45.8735829970454,225.137853169027
705,"BERETANIA PUMP STN 705","BWS","COOP","OA",6,21.305169,-157.8522571,"USC00510211",NA,NA,NA,NA,93.1,39,8.2,27.2,6.6,14.9,24.2,8.3,2.7,31.1,88.6,192.1
705.12,"Aloha Tower","NWS","HydroNet-UaNet","OA",38.1,21.3034,-157.8627,NA,"ALOH1",NA,NA,NA,49.53,15.748,3.302,16.51,2.286,9.144,14.986,7.112,26.162,29.972,74.676,164.338
707.5,"HONOLULU 2.0 SW","CoCoRaHS","CoCoRaHS","OA",12,21.3004,-157.8293,"US1HIHN0023",NA,NA,NA,NA,136.210412896557,69.9753701192869,22.8895886514338,50.5810662116662,27.1393312731874,39.2440165707782,62.1061493208285,43.4093277824328,41.5059294648991,64.0051107181686,106.319219933684,267.496571659334
709,"PUNCHBOWL CRATER 709","T MEM CEMETERY","COOP","OA",108,21.31016855,-157.846146,"USC00518316",NA,NA,NA,NA,113.600057,49.500006,19.233316,37.866644,14.799999,22.69999,46.8,33.066662,29.333332,43.433306,71.066723,219.233363
711.6,"ManoaRGatKanewaiFld,Honolulu","USGS","USGS","OA",11.5824,21.29322222,-157.8127222,NA,NA,NA,NA,NA,110.998,37.338,6.096,41.148,8.382,23.368,44.196,19.304,22.352,67.31,91.948,225.044
711.7,"H-1RainGageatKapiolaniAve","USGS","USGS","OA",6.096,21.28944444,-157.8155556,NA,NA,NA,NA,NA,89.916,29.21,4.318,33.528,6.096,19.558,29.464,14.478,15.24,48.006,75.438,217.932
711.8,"Kaimuki NF","N_FUJII","PrivateObs","OA",49.15,21.27796944,-157.7951056,NA,NA,NA,NA,NA,2.01,1.16,0.01,0.93,0.4,0.49,0.8,0.53,0.26,2.24,2.54,7.24
712.1,"MANOA 712.1","BEAUMONT MRS J","COOP","OA",61,21.31044568,-157.8147571,"USC00516122",NA,NA,NA,NA,199.804147,155.045933,63.308346,91.704194,38.787487,86.799971,107.20001,75.970823,94.0375,102.466693,173.658359,363.891633
713,"UNIV OF HAWAII 713","UH MET DEPT","COOP","OA",24,21.29933514,-157.8167017,"USC00518815",NA,NA,NA,NA,133.80001,51.63329,8.24570997483114,43.8206592828443,20.6067559522305,34.000002,54.5345882012163,39.66665,29.63333,67.5063426580234,112.999993,274.88485835499
715,"WAIALAE KAHALA","TINKER SPENCER","COOP","OA",15,21.27433592,-157.7880917,"USC00519185",NA,NA,NA,NA,72.7469010453139,76.61152266193,15.460925210235,27.9601858722547,15.9324402783642,24.9127355457286,30.906423426111,22.8233214222779,22.5901435887802,50.0333889687582,60.273195360309,165.665242116408
716,"MANOA TUN 2 716","BWS","COOP","OA",198,21.32794416,-157.7914236,"USC00516130",NA,NA,NA,NA,295.694514266816,325.644678171346,171.442177976158,142.862971446702,132.400432964323,156.958226835859,219.997776150175,177.561544714604,236.265828170707,344.37431008085,253.745329458206,597.266595564803
717.2,"WAIKIKI 717.2","PURINTON J","COOP","OA",3,21.27183682,-157.8180917,"USC00519397",NA,NA,NA,NA,50.76664,71.50003,4,15.4956017832567,14.1358810782394,11.4,14.3,11.599996,5.2628280843436,46.3936192276017,42.1655251391545,140.379032587212
718,"PALOLO VALLEY 718","BWS","COOP","OA",302,21.32183297,-157.7717015,"USC00517664",NA,NA,NA,NA,206.2,157.8,167.5,122.858814694315,83.5,104.1,226,155.3,184.1,296.3,221.5,402.5
720.6,"HONOLULU 2.7 SSE","CoCoRaHS","CoCoRaHS","OA",113,21.285,-157.7816,"US1HIHN0010",NA,NA,NA,NA,100.931440723549,77.1239334386504,14.6773740899835,37.9026417487543,22.8384859020125,30.7024354419063,43.2533064634898,30.9106606106584,29.681093462611,63.3578437274722,86.471075625507,220.413972754435
721,"WILHELMINA RISE 721","BWS","COOP","OA",335,21.29766804,-157.7853133,"USC00519980",NA,NA,NA,NA,162.89994,56.1333,39.433294,68.866593,23.899989,36.933314,71.766668,53.3380980252872,71.066711,83.000011,103.73337,248.766673
721.4,"Palolo Fire Stn","NWS","HydroNet-UaNet","OA",59.436,21.2996006,-157.7944,"USC00517662","PFSH1","19014414",NA,NA,112.014,43.688,16.256,44.196,9.652,28.702,49.784,23.876,34.29,72.898,92.202,309.933411416633
723.4,"PAIKO DRIVE 723.4","GRUBB DL","COOP","OA",3,21.28172556,-157.7282194,"USC00517540",NA,NA,NA,NA,51.38748,36.200003,1.454167,32.145827,5,27.4,31.199997,12.2625,26.712497,32.254203,61.220863,173.816456
723.8,"Niu Valley","NWS","HydroNet-UaNet","OA",19.812,21.2896996,-157.7332,"USC00516865","NIUH1","1900D38C",NA,NA,53.848,35.306,5.334,56.388,3.556,31.496,42.672,11.43,52.07,43.434,84.582,175.768
724.19,"HAWAII KAI GC 724.19","UNOAA-NWS","COOP","OA",9,21.29889,-157.66444,"USC00511308",NA,NA,NA,NA,26.416,7.62,0,22.352,3.302,8.636,19.812,5.588,23.114,19.812,75.692,165.862
724.21,"Kamehame","NWS","HydroNet-UaNet","OA",242.316,21.3085995,-157.6791,NA,"KMHH1","190046EE",NA,NA,22.352,14.732,3.048,26.416,5.588,17.526,50.038,14.478,42.164,47.498,83.312,131.064
728.2,"PALEHUA","RAWS","RAWS","OA",722.376,21.385,-158.1041667,NA,"PLHH1","4870F55E",NA,NA,43.4995836996407,90.7427462568776,4.19973653763512,44.2183877345492,35.332900579381,14.5941066487703,46.0875435055566,28.977002392749,55.4795486974242,45.203733679404,77.6171818695081,527.730370377298
740.5,"Kunia","NWS","HydroNet-UaNet","OA",85.0392,21.3869991,-158.0358,NA,"KUNH1",NA,NA,NA,13.97,22.606,2.032,25.4,21.59,10.668,18.034,15.24,29.464,15.748,39.37,273.558
741,"EWA PLANTATION 741","EWA PLANTATION","COOP","OA",12,21.3401713,-158.0339215,"USC00510507",NA,NA,NA,NA,22.5140055408211,38.0003475494978,14.5666427691148,37.0935869404311,53.3920054052275,18.1933613172399,9.16228426073432,13.0030572696572,59.7681961656366,22.679174359009,NA,309.014699103297
742.4,"HONOULIULI PHB","FWS","RAWS","OA",1.524,21.35666667,-158.0205556,NA,"HOFH1","327BF39A",NA,NA,14.4084691078521,23.3155227381607,2.09577732477848,26.197216559731,22.2676340757714,11.002830955087,18.600023757409,15.7183299358387,30.388771209288,16.2422742670333,40.6056856675832,282.144022348304
750,"WAIPAHU 750","OAHU SUGAR","COOP","OA",18,21.38683459,-158.0072536,"USC00519738",NA,NA,NA,NA,NA,NA,3.6,NA,NA,18.500003,NA,NA,NA,NA,NA,NA
752.6,"WAIAWA PHB","FWS","RAWS","OA",1.524,21.38694444,-157.9811111,NA,"WWFH1","3274C092",NA,NA,37.0564849562849,52.9061833175184,4.53318620417481,27.2626753311064,25.1755957157886,11.6293265470702,26.1078158520757,19.4914840496437,25.9842347479667,26.7351323688563,41.0899769491398,293.588759138023
764.6,"AIEA HEIGHTS 764.6","G FOWLER","COOP","OA",238,21.39488776,-157.91031,"USC00510123",NA,NA,NA,NA,141.90837,200.41673,28.845827,95.454167,106.100064,40.229176,86.670806,102.983326,87.116653,89.86668,127.533308,438.025061
764.7,"AIEA 0.7 ENE","CoCoRaHS","CoCoRaHS","OA",175,21.393,-157.9186,"US1HIHN0014",NA,NA,NA,NA,143.448935383845,148.621877014945,39.1418112468097,74.0652211317518,56.986867435656,51.4492358640078,70.2942663033055,68.4254954834803,65.8285424120387,73.5834530586895,125.035615128828,421.596233860669
770,"MOANALUA 770","ROXBURGH J","COOP","OA",6,21.34794527,-157.8950332,"USC00516395",NA,NA,NA,NA,82.2625,81.6375,23.525,35.875,25.4,27.825,26.075,29.3,24.3,32.6875,69.8125,342.625
771.11,"N.HalawaValleyRGattunnel","USGS","USGS","OA",335.28,21.40488889,-157.8504444,NA,"TNLH1","DD75A524",NA,NA,345.44,353.06,116.84,175.26,172.72,187.96,193.04,223.52,205.74,424.18,219.456,481.838
771.9,"NHalawaRainGagenrHonolulu","USGS","USGS","OA",210.312,21.382,-157.9033333,NA,NA,NA,NA,NA,91.44,118.837549763403,7.62,68.58,83.82,33.02,45.72,48.26,60.96,55.626,98.298,327.406
772,"MoanaluaRaingagenrHonolulu","USGS","USGS","OA",103.058976,21.37823611,-157.8700306,NA,NA,NA,NA,NA,200.528854545476,252.236417366308,70.7701508376586,88.5947941773585,108.687386824838,87.6240610878733,104.942771437331,97.2872396692848,151.82307526849,177.887394498466,153.578317025607,428.163354919724
772.1,"N.HalawaRaingagenrAiea","USGS","USGS","OA",97.536,21.39295833,-157.8908639,NA,NA,NA,NA,NA,115.919077739756,156.295809444712,21.3560210948046,67.874729248756,74.7010700888884,43.3248103774368,70.8532753412216,58.9376868327274,78.9824386474836,71.671524903698,96.8978411460865,366.924925339989
772.3,"MoanaluaRGNo.1atalt1000","USGS","USGS","OA",304.8,21.39338889,-157.8401111,NA,"MOGH1","1689664A",NA,NA,331.724,303.784,81.026,146.05,154.432,154.432,177.546,166.116,200.66,415.036,228.346,517.906
772.5,"Moanalua Stream","USGS","HydroNet-UaNet","OA",72.2376,21.3736,-157.8801,"USC00516400","MOAH1","1900B66A",NA,NA,124.206,170.942,33.02,60.96,76.454,46.99,63.754,47.244,101.346,72.136,94.234,371.474268803899
772.6,"MoanaluaRaingagenrKaneohe","USGS","USGS","OA",350.52,21.38823333,-157.8486389,NA,NA,NA,NA,NA,268.593964926137,341.916871968849,148.809866439011,117.205398960956,130.933601513787,140.846536519729,147.99027940172,162.392264183666,187.064578366892,299.022510728271,221.886593638395,629.583183607515
773,"KAPALAMA 773","KAMEHAMEHA SCH","COOP","OA",188,21.33933391,-157.8567005,"USC00513268",NA,NA,NA,NA,133.324406333287,96.4469275919558,31.706676513846,54.2851842760277,33.9635678435244,49.636357618824,52.5366237666166,56.0598329505281,48.7883725396295,61.3342912652636,90.557932446302,391.102235276796
775,"NUUANU RES 5 775","BWS","COOP","OA",125,21.339125,-157.835905,"USC00516933",NA,NA,NA,NA,222.5,281.9,121,86.2,88.9,98.6,129.7,122.9,150.5,153.8,207.8,555.9
777,"KALIHI RES SITE 777","BWS","COOP","OA",277,21.37516437,-157.8222555,"USC00512960",NA,NA,NA,NA,261.300487619153,300.5,103.3,118.3,118.7,130.9,163.8,132.4,182.3,305.8,196.2,514.9
777.3,"Wilson Tunnel","NOAA-NWS","HydroNet-UaNet","OA",314.5536,21.3771,-157.8166,NA,"WITH1",NA,NA,NA,197.698883029456,216.444004533277,32.512,55.372,107.696,118.618,147.574,126.238,165.354,292.957719341817,177.348356338538,462.28
780.5,"TANTALUS 2 780.5","NEWMAN N","COOP","OA",404,21.32711168,-157.8239234,"USC00518738",NA,NA,NA,NA,155.138274797721,255.620544362301,89.4529465899714,128.057905590993,90.3318494896652,61.8960674528302,93.5067676719701,155.17049899826,172.285085665724,NA,169.628610251797,471.553190846944
781,"KANEOHE MAUKA 781","STATE HOSPITAL","COOP","OA",61,21.40849568,-157.8105878,"USC00513113",NA,NA,NA,NA,163.631582365837,126.594805065388,45.9786039569997,89.2167914046749,79.1807889246418,197.733392096493,108.654986933091,91.0305834524367,131.17186179868,175.178951020684,190.423398463501,419.612172975615
781.11,"LulukuRaingageatalt","USGS","USGS","OA",67.056,21.39184444,-157.809475,NA,NA,NA,NA,NA,170.688,122.428,26.416,86.868,101.346,120.904,110.998,90.17,114.046,207.772,157.226,387.858
781.9,"RBKamooaliiRaingagenrKaneohe","USGS","USGS","OA",59.484768,21.38628889,-157.7928083,NA,NA,NA,NA,NA,111.89557671804,124.11254253196,38.6269316092774,52.2203916603995,65.4456121304214,71.2280558344945,69.4380438843548,64.4718405599368,91.8745238638303,139.339066203481,103.587784274065,294.706548382491
782.3,"Nuuanu Upper","NWS","HydroNet-UaNet","OA",248.412,21.3502007,-157.8184,"USC00516938","NUUH1","156097FE",NA,NA,243.078,364.49,137.668,94.742,132.334,114.3,126.746,141.732,208.534,201.168,208.534,605.79
783,"NUUANU RES 4 783","BWS","COOP","OA",320,21.35266525,-157.807534,"USC00516928",NA,NA,NA,NA,219.1,333.5,119.6,92.5,126.1,122.9,129.1,137.3,215.2,279.3,203.9,660.5
784,"PAUOA FLATS 784","BWS","COOP","OA",549,21.33516,-157.81058,"USC00517810",NA,NA,NA,NA,358.4,450.1,205.6,147.6,163.9,200.9,209.4,201.9,288.2,333.4,279.9,734.7
785.4,"Manoa Lyon Arbo","NWS","HydroNet-UaNet","OA",151.7904,21.3330002,-157.8024,"USC00516128","MNLH1",NA,NA,NA,372.11,335.788,169.470496944902,175.768,122.428,171.704,237.998,216.154,201.14932458527,310.642,246.888,630.174
787.1,"MAUNAWILI 787.1","HSPA","COOP","OA",127,21.351,-157.7668,"USC00516222",NA,NA,NA,NA,148.59,84.59548444778,12.8499347125435,80.518,68.834,89.154,93.472,76.2,146.304,186.69,164.084,491.763323277468
788,"ST STEPHENS SEMINARY","ST STEPHEN SEMIN","COOP","OA",143,21.3666,-157.7785,"USC00518601",NA,NA,NA,NA,104.917985,49.95,19.662995,71.83099,65.366005,22.28399,59.54999,81.41241,99.65959,112.73606,100.293995,453.790405
788.1,"PALI GOLF COURSE 788.1","C&C PARKS & RECR","COOP","OA",146,21.37183016,-157.7839226,"USC00517656",NA,NA,NA,NA,127.516683,78.933223,21,82.600006,81.100023,123.108326,90.791683,91.341652,135.27503,179.758403,224.65841,462.666337
788.2,"St Stephens Seminary","NWS","HydroNet-UaNet","OA",142.9512,21.3666992,-157.7786,NA,"STVH1","19005598",NA,NA,120.142,65.024,21.59,82.042,65.532,97.282,86.868,85.598,113.284,175.006,210.058,461.772
790.11,"Olomana Fire Stn","NWS","HydroNet-UaNet","OA",45.1104,21.3777008,-157.7507,"USC00517052","OFSH1","19011468",NA,NA,49.022,26.416,3.556,78.232,41.656,66.802,53.594,44.958,46.736,87.884,139.446,329.184
795.1,"WAIMANALO EXP F 795.1","HAES","COOP","OA",18,21.33516407,-157.7105906,"USC00519523",NA,NA,NA,NA,48.700015,23.504166,6.84583,102.35418,38.587466,76.170806,51.729168,44.01251,68.499976,80.037407,113.22351105385,350.441729
795.2,"WAIMANALO NONOKLO 795.2","WAIMALO EXP FA","COOP","OA",20,21.3356,-157.7116,NA,NA,NA,NA,NA,32.258,NA,NA,65.024,29.718,50.8,54.102,22.86,52.07,56.388,104.902,281.686
798,"WAIANAE 798","CAPITAL INVESTMENT","COOP","OA",3,21.44683495,-158.1855845,"USC00519231",NA,NA,NA,NA,3.600003,40.400034,0,6.899997,72.7,7.2,34.299997,19.099998,37.7,12.3,NA,286.266366
799,"WAIAWA PHB","RAWS","RAWS","OA",453.8472,21.48,-158.1072222,NA,"SCSH1","328FC12E",NA,NA,83.005038032192,163.893544446175,12.4309933105104,68.4805442819892,47.622124707568,30.0195479582427,64.3563097605688,49.3250917846759,108.458,84.074,141.732,732.35508750846
800.3,"MAKAHA CTRY CLUB 800.3","Alan Mair","COOP","OA",80,21.47833333,-158.1963889,"USC00515758",NA,NA,NA,NA,12.379167,46.300026,22.966667,13.733333,110.10003,21.199994,44.50002,53.899967,13.600006,NA,41.700024,430.404216
801.1,"Waianae Kawiwi","MT VIEW DAIRY","HydroNet-UaNet","OA",19.812,21.4566994,-158.18,NA,"WAIH1",NA,NA,NA,2.286,43.434,22.098,6.604,65.786,6.096,11.938,10.414,17.78,0,0,346.456
803.2,"WAIANAE VALLEY","RAWS","RAWS","OA",291.6936,21.48055556,-158.1552778,"USR0000HWVA","WNVH1","487005DA",NA,NA,28.194,95.504,65.08,30.226,93.98,13.97,60.706,53.086,30.956,24.622,72.136,411.006
804,"Lualualei","US VY","HydroNet-UaNet","OA",35.9664,21.4211006,-158.1352,"USC00515647","LUAH1","8170406C",NA,NA,16.764,70.358,7.62,11.938,31.242,7.366,26.416,9.906,12.446,14.224,36.322,163.068
810.1,"WHEELER ARMY AIR FIELD 810.1","COOP","NWS","OA",255,21.48722,-158.02806,"USW00022508","WAFH1","B14101B2",NA,NA,31.5534707338196,36.1856983057731,12.6432301890793,20.3577294205399,26.491701131596,17.6801252975875,22.4120155459118,28.7958392557926,26.3903239578184,57.9315540092935,59.2220081548226,206.643950227566
820.6,"Mililani","NWS","HydroNet-UaNet","OA",226.7712,21.4638004,-157.9991,"USC00516261","MITH1",NA,NA,NA,99.568,123.698,16.51,50.546,54.356,32.004,41.148,48.514,43.18,63.246,78.74,576.326
821.3,"SFKaukonahuaRainGage,nrWaawa","USGS","USGS","OA",262.23468,21.48880556,-157.9960556,NA,NA,NA,NA,NA,238.252,229.108,28.194,87.376,120.396,97.282,172.212,162.306,71.12,114.3,154.94,780.796
824.2,"Waipio","NWS","HydroNet-UaNet","OA",124.968,21.4199009,-158.0058,NA,"PECH1",NA,NA,NA,49.276,77.978,3.048,30.734,26.162,7.112,41.656,18.288,25.654,33.528,43.434,311.912
828,"SCHOFIELD EAST","RAWS","RAWS","OA",381,21.49944444,-157.9933333,"USR0000HSCH","SCEH1","325AB384",NA,NA,118.663312055606,213.227432834672,28.3284895237016,66.4521488134875,46.6578798512155,38.3101440802373,63.8538944358438,65.0799102428491,46.2147895541277,85.1606290037096,121.081827631135,767.788614636585
832.2,"KipapaRaingagenrWaawa","USGS","USGS","OA",210.312,21.47027778,-157.9708333,NA,NA,NA,NA,NA,159.76256891682,222.224982441055,33.1946927424269,79.5597699957894,73.9511484743412,60.1643964468035,95.0536321221265,93.5138945319144,81.2003177174289,108.842560456998,127.131786901819,769.613535059866
834.13,"Waiawa CF","NWS","HydroNet-UaNet","OA",235.6104,21.4440994,-157.9669,"USC00519257","WAWH1",NA,NA,NA,125.73,178.562,27.178,60.706,71.374,61.214,99.06,90.17,68.326,84.328,89.408,603.504
835.2,"Palisades","NWS","HydroNet-UaNet","OA",261.8232,21.4298,-157.9452,NA,"PACH1",NA,NA,NA,167.386,227.33,31.75,90.932,77.47,63.5,106.368264013066,101.346,96.266,110.236,121.392835388569,509.778
837,"WAIAHOLE 837 ","OAHU SUGAR","COOP","OA",227,21.47016136,-157.8833636,"USC00518964",NA,NA,NA,NA,139.596055357999,23.01409056234,NA,75.0459810113458,69.1276396461499,337.092564861062,143.40192212018,95.44744688734,131.137918678989,215.213896438983,341.53684728064,640.819585697257
837.11,"WaiaholeRGatKamehamehaHwy","USGS","USGS","OA",4.2672,21.48197222,-157.8458333,NA,NA,NA,NA,NA,116.526243126936,73.66,14.224,51.816,54.61,92.456,58.674,85.09,99.822,108.204,136.906,406.4
837.5,"WAIHEE 837.5","COOP","COOP","OA",34,21.45167,-157.84889,"USC00519281",NA,NA,NA,NA,167.82084,95.45835,47.600034,80.533296,72.466674,157.266733,106.533316,73.016657,133.379214,158.879066,150.212466,350.537619
837.6,"KANEOHE 3.9 NW","CoCoRaHS","CoCoRaHS","OA",24,21.4551,-157.8294,"US1HIHN0011",NA,NA,NA,NA,105.393933272548,54.1532450597103,20.9345525583282,56.0277751747861,49.39951920151,145.771669787023,65.2653892529349,67.3741843434889,94.1142027903674,116.707576094038,149.021707090374,346.787451834657
838.1,"KANEOHE 838.1","DL AH YOU","COOP","OA",18,21.42349474,-157.803921,"USC00513117",NA,NA,NA,NA,83.100007,47.6358551185177,9.32704739548688,60.545816,46.900003,207.50853,59.191667,62.649994,75.212504,85.291656,169.100096,322.370783
839.12,"AHUIMANU LOOP 839.12","MITCHELL DON","COOP","OA",73,21.432,-157.8373,"USC00510055",NA,NA,NA,NA,135.636,88.9,25.908,83.82,80.518,187.452,135.128,56.642,119.38,162.052,154.432,393.192
839.31,"HaikuRaingagenrHeeia","USGS","USGS","OA",134.112,21.40628611,-157.829475,NA,NA,NA,NA,NA,172.706770987699,178.813586794493,52.9647115629504,78.8591218899551,93.1461183096518,98.6645159529953,101.549493320349,94.53867574748,127.554698538203,215.452992057355,144.234898088151,384.168358146766
839.8,"Waihee Pump","USGS","HydroNet-UaNet","OA",64.3128,21.4463997,-157.8584,"USC00519286","WPPH1","195042AC",NA,NA,201.93,113.538,50.546,75.692,79.248,138.245501054858,130.81,75.692,158.75,186.436,176.913431730665,411.144687512238
840,"KANEOHE BAY MCAS","USMC","NWS","OA",3,21.44404851,-157.7730876,"USW00022519",NA,NA,NA,NA,42.50062,NA,NA,NA,NA,NA,NA,NA,NA,51.00003,133.599935,272.792745
841.16,"CAMP ERDMAN 841.16","WB","COOP","OA",3,21.57877964,-158.2236287,"USC00510305",NA,NA,NA,NA,NA,NA,5.900003,NA,NA,NA,NA,NA,NA,43.200043,62.59996,NA
842.1,"MakahaRainGage","USGS","USGS","OA",286.097472,21.50158333,-158.1801667,NA,"MKHH1","DD1423F8",NA,NA,33.02,71.12,39.878,32.258,101.73417531517,41.402,50.546,46.228,61.214,50.546,97.536,540.094605616135
842.7,"MAKUA VALLEY","RAWS","RAWS","OA",158.496,21.52611111,-158.2041667,"USR0000HMAP","MAPH1","324C075A",NA,NA,NA,NA,43.434,70.1479999999999,NA,NA,NA,NA,NA,NA,NA,NA
842.8,"MAKUA RANGE","RAWS","RAWS","OA",6.096,21.52861111,-158.2261111,"USR0000HMAR","MKRH1","3266B468",NA,NA,11.684,12.7,4.572,6.096,4.572,20.066,14.478,36.76,15.748,NA,54.864,326.746
842.9,"MAKUA RIDGE","RAWS","RAWS","OA",533.4,21.54277778,-158.1988889,"USR0000HMRG","MKGH1","3266C2F8",NA,NA,62.2559268237612,180.920538725405,14.1021712694707,88.0525815849881,30.9559857134724,14.7900820631035,50.9053987288213,24.0768777771452,19.9494130153489,52.6251757129031,144.461266662871,660.738317284227
843.7,"DILLIINGHAM","RAWS","RAWS","OA",31.0896,21.57194444,-158.1986111,NA,"DLGH1","3278D278",NA,NA,17.272,38.608,8.636,NA,14.224,10.922,13.462,15.986,50.038,68.326,87.884,53.84
845.1,"Makaha Valley 1","Mair_Fares","NREM","OA",341.26,21.50638889,-158.1766667,NA,NA,NA,NA,NA,75.1,117.2,74.5,53.7,99.5,43.7,60.6,68.6,76.2,90.8,155.3,452.8
845.2,"Makaha Valley 2","Mair_Fares","NREM","OA",469.57,21.50972222,-158.1819444,NA,NA,NA,NA,NA,70,122.9,56.3,46.5,90.9,51.9,50,53.5233125280291,56.9926552939752,77.6732134765192,123.597223775777,353.326408517089
845.3,"Makaha Valley 3","Mair_Fares","NREM","OA",598.02,21.50138889,-158.1725,NA,NA,NA,NA,NA,96.8,163.6,56.6,59.3,109,62.2,73.7,57.4,0,0,0,0
845.4,"Makaha Valley 4A","Mair_Fares","NREM","OA",507.78,21.53194444,-158.1688889,NA,NA,NA,NA,NA,52.1,103.5,71.9,73.2,113,42,63.4,53.8,54.8,133.2,177.3,49.9
845.5,"Makaha Valley 5","Mair_Fares","NREM","OA",606.92,21.51,-158.1633333,NA,NA,NA,NA,NA,64.0944338538512,135.208638407256,67.7,72.7,132,51.5,88,115,63.7,203.7,217.9,180.4
845.6,"Makaha Valley 6","Mair_Fares","NREM","OA",726.62,21.50611111,-158.1561111,NA,NA,NA,NA,NA,152.8,218.1,88.4,98,161.2,58.1,101.7,115.1,89.5,174,248,481.6
845.7,"Makaha Valley MAK2","Mair_Fares","NREM","OA",296.98,21.50222222,-158.18,NA,NA,NA,NA,NA,52.3807798031525,95.8089806763825,49.5,46.4,102.3,46.4,13.5,57.1,70.1,69.7,112.5,484.5
855,"KEMOO CAMP 8 855","WAIALUA AG","COOP","OA",223,21.5384949,-158.0855832,"USC00514318",NA,NA,NA,NA,45.3311453392764,74.9373442536744,9.78286312372836,28.7051041962719,23.6776890234275,30.9815871761279,38.1283878081913,27.3299173280101,16.9781914137287,49.4560836642629,72.4600378190821,223.788925875351
855.3,"Poamoho Exp Farm","NWS","HydroNet-UaNet","OA",220.0656,21.5382004,-158.0893,NA,"POAH1",NA,NA,NA,45.974,133.604,10.414,65.024,22.86,10.922,37.592,17.78,14.732,38.862,106.68,487.934
855.4,"POAMOHO EXPERIMENTAL FARM 855","COOP","COOP","OA",220.1,21.53833,-158.08917,"USC00518055",NA,NA,NA,NA,66.6111309170193,80.4062797356721,25.8051308471418,28.2395813530611,NA,52.0507630595682,69.6715020983432,66.0083291417066,32.8070727827897,75.9547444956752,NA,NA
857.4,"SCHOFIELD FIREBREAK","RAWS","RAWS","OA",346.8624,21.50861111,-158.1147222,"USR0000HSFB",NA,NA,NA,NA,38.862,106.487560361079,4.826,47.9209250365737,57.658,10.668,46.228,28.4031642561664,34.7181839565908,39.878,114.046,496.512468275936
858,"SCHOFIELD BARRACKS","RAWS","RAWS","OA",298.704,21.495,-158.0819444,"USR0000HSCO","SCBH1","3266A71E",NA,NA,35.5979999999999,118.364,4.572,43.226,30.226,14.478,44.958,24.168,53.848,54.864,134.874,607.204463523744
869,"KAWAILOA TRAINING AREA","RAWS","RAWS","OA",388.3152,21.58722222,-158.0130556,NA,"KWLH1","3278C10E",NA,NA,185.725516162053,254.879905961238,62.134711438658,89.9560609871161,79.4113764984033,82.151577675125,114.417146185678,110.95994412396,99.7852470328217,136.536608708904,163.872018555969,549.744954874173
870,"OPAEULA 870","WAIALUA AG","COOP","OA",323,21.5698814,-158.0278054,"USC00517150",NA,NA,NA,NA,111.014874108465,127.125460665602,19.1093095792923,43.2768180978158,48.8540183707289,62.1732537510819,85.5624165471546,79.4105453915939,45.7416699909746,102.511537594093,92.9380925215147,297.604459361654
874.3,"UPPER WAHIAWA 874.3","RUTHERFORD WB","COOP","OA",340,21.50849545,-158.0089181,"USC00518838",NA,NA,NA,NA,155.00007,185.433233,37.000003,66.600019,90.60002,62.800004,102.126116483414,107.988239548921,68.5895357603437,104.72634756952,116.115439552623,454.435049595955
882.4,"PoamohoRainGageNo.2nrWaawa","USGS","USGS","OA",597.408,21.53341667,-157.9366944,NA,NA,NA,NA,NA,315.214,465.582,303.784,154.432,140.462,212.344,192.278,244.094,194.818,405.13,307.34,1018.54
883.12,"PoamohoRainGageNo1,nrWaawa","USGS","USGS","OA",755.904,21.53386111,-157.9213889,NA,"PMHH1","DD9836AA",NA,NA,343.916,438.658,247.65,147.574,138.43,275.336,182.118,243.586,259.08,581.152,316.484,1031.24
884.4,"PunaluuRainGageatalt","USGS","USGS","OA",73.152,21.55644444,-157.899,NA,"PNSH1","17918722",NA,NA,205.74,148.844,79.756,78.74,53.594,115.062,86.106,133.096,124.46,333.756,213.106,719.836
885.6,"KUALOA RANCH 885.6","COOP","COOP","OA",25,21.53,-157.85028,"USC00514829",NA,NA,NA,NA,87.4811109187755,41.99374348672,14.2157244079248,40.8822509907051,36.7189040468537,72.8184871421061,46.9214688301459,65.5205345883514,67.3724461757012,120.427878802609,106.613019632269,268.938045542082
885.7,"OAHU FOREST NWR","RAWS","RAWS","OA",698.9,21.47747,-157.9369,NA,"OFRH1","8379F6FA",NA,NA,498.17,383.901613864913,139.192,209.026,160.276,266.374,274.454077924901,236.160110323841,349.296104574371,467.543465877895,481.076,827.868
886.11,"KUALOA RANCH HAKIPUU 886.11, HI US","COOP","COOP","OA",74.04,21.51083,-157.86222,"USC00514828",NA,NA,NA,NA,143.139042088735,73.004084588965,34.4328605978813,65.8304377520417,56.8174384580522,134.710889776669,86.7619595987457,86.4138076142407,112.579662816404,152.618608355026,141.309559831719,376.704594167887
886.4,"KahanaRainGageatalt","USGS","USGS","OA",28.956,21.54041667,-157.8825556,NA,"KNRH1","17B972EE",NA,NA,205.486,122.174,63.754,79.756,57.15,120.396,93.98,135.741668177662,116.797818690855,314.198,188.214,635.762
886.6,"WaikaneRaingageatalt","USGS","USGS","OA",22.86,21.49684167,-157.86225,NA,NA,NA,NA,NA,121.204671910192,71.4012833386544,34.0709281853595,56.1010759483446,40.2012330410639,70.8275451247755,59.0915669896624,72.8561325596396,79.5743117318792,167.395366335714,122.058314870149,411.527591131763
886.8,"Hakipuu Mauka","RILEY W","HydroNet-UaNet","OA",8.5344,21.5067005,-157.8547,"USC00510920","PTRH1","16C69380",NA,NA,129.54,64.8306327798616,22.606,76.454,56.134,77.978,73.406,74.168,103.632,138.176,138.176,464.566
886.9,"KUALOA RANCH HEADQUATERTERS 886.9","COOP","COOP","OA",7,21.5213,-157.8374,"USC00514830",NA,NA,NA,NA,57.9731992342479,26.7036075752154,15.6714517647066,33.8231887188271,22.5917521480106,63.4566948562323,36.6164328277683,48.2484347095873,52.9609067458918,74.1824550127299,85.6481736260532,233.860119186126
892.2,"WAIMEA ARBORETUM 892.2","COOP / WB","COOP","OA",8,21.638859,-158.058759,"USC00519603",NA,NA,NA,NA,95.7667,115.59996,37.099989,40.599994,44.000013,74.833286,100.16659,94.900053,47.166668,109.199996,88.5734142354427,382.732079995145
897.1,"KamananuiRaingagenrMaunawai","USGS","USGS","OA",179.832,21.62044167,-158.015025,NA,NA,NA,NA,NA,117.514375161611,166.015077832635,61.9566144693475,56.8492757622711,51.5715487595059,76.7535818443398,85.5768353391395,93.2140672895276,54.4755862686584,128.941657360799,118.729348313565,411.998423894953
897.11,"KamananuiRainGageatalt","USGS","USGS","OA",219.456,21.62238889,-158.0143056,NA,"KMRH1","DD34C1E4",NA,NA,144.78,229.213468072651,49.3028155392513,73.66,78.74,96.52,88.9,112.268,57.912,217.17,170.434,543.306
897.9,"PupukeaRdRainGageatalt","USGS","USGS","OA",353.568,21.59902778,-158.0169167,NA,"PPRH1","1713D512",NA,NA,161.544,246.888,42.672,85.344,67.056,85.344,91.44,104.14,49.276,145.034,168.402,555.498
903.1,"B Y U LAIE 903.1","BYU-HAWAII","COOP","OA",2,21.64515375,-157.9291927,"USC00510242",NA,NA,NA,NA,88.187427167811,106.451021629667,33.2116442435538,49.8248240947075,45.3025760100181,68.3271987947743,77.6424755081273,74.0967026383493,61.742329358978,130.676590287856,96.9933569321304,NA
903.2,"LAIE 0.2 WNW","CoCoRaHS","CoCoRaHS","OA",2,21.65,-157.9287,"US1HIHN0002",NA,NA,NA,NA,112.199073081024,63.8200737634488,31.8236977804736,53.8417109779674,48.4486530520567,105.142970736417,71.2244039980243,48.81635221749,89.1726211063864,106.220919506652,100.426737528038,234.357043689145
904.1,"KAPAKA FARM 904.1","HON. FIRE DEPT","COOP","OA",1,21.60987636,-157.9100271,"USC00513208",NA,NA,NA,NA,68.8437519101482,36.5606819174875,12.2151186085312,66.599963,61.3021000137336,72.462529,67.437496,60.4767457784539,85.627084,171.996293,185.787103836484,332.272776584861
905.2,"PUNALULU PUMP 905.2","FUJII D","COOP","OA",4,21.5843,-157.8915,"USC00518314",NA,NA,NA,NA,93.472,64.77,25.654,50.546,63.5,50.038,58.166,59.944,74.676,139.7,164.846,439.715275183223
909,"KAHUKU TRAINING AREA","RAWS","RAWS","OA",181.6608,21.67916667,-157.9894444,"USR0000HKAH","KTAH1","325A861E",NA,NA,45.212,85.344,27.432,36.876,49.784,27.178,38.608,61.282,40.578,108.204,93.218,359.84
911.1,"KII","RAWS","RAWS","OA",1.524,21.68833333,-157.9525,"USR0000HKII","KFWH1","8375210E",NA,NA,29.21,69.088,8.382,9.652,19.812,13.716,28.448,46.327923327727,33.02,64.77,104.648,210.644295932684
927,"ELEELE 927","MCBRYDE SUGAR","COOP","KA",50,21.90353436,-159.5772088,"USC00510470",NA,NA,NA,NA,33.1038487915443,98.050723535166,9.38579835370499,58.6113185796517,17.2858532971763,21.5205091989242,53.9734453009298,36.2104500226012,21.8689152584027,14.2134993233666,83.7311158395795,267.39931326438
930,"WAHIAWA 930","MCBRYDE SUGAR","COOP","KA",66,21.89631087,-159.5572079,"USC00518941",NA,NA,NA,NA,44.4593120225335,95.3698824050927,9.77874951433457,59.2467548643475,17.2729075722772,33.0233443264577,40.873375826701,46.2937128553149,21.8311336933623,25.1593910773023,86.0047424458759,289.638595308144
943,"WAIAWA 943","KEKAHA SUGAR","COOP","KA",3,21.97186761,-159.7205458,"USC00519253",NA,NA,NA,NA,1.62538239893021,22.5928443582493,0,NA,3.16950124485698,9.50850129649367,18.1230409326332,4.63234678547127,2.43807969358846,0,2.43807481743394,409.190336083896
944,"KEKAHA 944","KEKAHA SUGAR","COOP","KA",3,21.96686688,-159.7088793,"USC00514272",NA,NA,NA,NA,1.65711182525162,23.0338839504879,0,NA,3.23137373485716,9.69411871890003,18.4768245667924,4.72277578613078,2.48567395205609,0,2.48566898071316,417.178225351524
945,"HUKIPO 945","KEKAHA SUGAR","COOP","KA",244,21.98158848,-159.6822116,"USC00512161",NA,NA,NA,NA,1.74720929245013,24.2862403527894,0,NA,3.40706410447855,10.2211896926178,19.4814128329381,4.97955395281378,2.62082049071986,0,2.62081524908412,439.860280299043
947,"WAIMEA 947","KEKAHA SUGAR","COOP","KA",6,21.95631113,-159.6722122,"USC00519629",NA,NA,NA,NA,1.999997,27.799994,0,NA,3.900001,11.7,22.3,5.7,3.000003,0,2.999997,503.499635
965,"MAKAWELI 965","OLOKELE SUGAR","COOP","KA",43,21.91909048,-159.6272113,"USC00515864",NA,NA,NA,NA,16.212497,70.48753,7.2125,58.087567,22.800004,12.7,82.500043,50.099997,20.812506,15.387509,81.699997,413.317073
966.4,"Hanapepe","NWS","HydroNet-UaNet","KA",110.6424,21.9365005,-159.5866,NA,"HNPH1","156011EA",NA,NA,NA,NA,12.446,44.45,34.798,38.608,78.74,76.454,56.642,10.922,82.804,402.844
985,"BRYDESWOOD STA 985","MCBRYDE SUGAR","COOP","KA",220,21.92519845,-159.5338717,"USC00510240",NA,NA,NA,NA,79.9725786108457,258.906018388201,55.0373679362175,60.6124669008579,31.3887231878057,72.3718549424666,101.819395678655,81.0448357065987,57.8649044811009,42.1032978505289,121.137205893663,414.669698456237
986.2,"Kalaheo","KUKUILONO GOLF COU","HydroNet-UaNet","KA",263.0424,21.9183006,-159.5265,NA,"KHEH1",NA,NA,NA,90.9332702560687,207.26287685938,87.884,53.594,43.434,76.454,122.936,110.998,78.8939901842186,53.34,137.414,532.638
992.1,"Omao","NWS","HydroNet-UaNet","KA",99.9744,21.9071007,-159.4768,"USC00517116","OMAH1","195001A6",NA,NA,95.6030678957036,225.072846762633,49.53,60.198,64.262,90.424,107.188,102.219600591146,77.9335149765165,75.8285008685041,181.356,568.375902299378
1006,"HALENANAHO 1006","GROVE FARM","COOP","KA",149,21.96491938,-159.4305374,"USC00511038",NA,NA,NA,NA,137.781229435058,302.175257032561,29.4870950986743,64.9890896616943,74.607666453339,104.290617601599,120.097784183489,105.118172412949,89.724636016907,142.630244258759,212.242056992305,604.161996559902
1020,"LIHUE 1020","LIHUE 1020","COOP","KA",63,21.97186009,-159.3688726,"USC00515575",NA,NA,NA,NA,51.5663270540764,70.9745486393596,10.251527460259,39.8230072538646,48.740614859545,36.5627611218684,50.8503245386712,36.6643367205815,34.2122919501043,56.6871482900793,103.229451381129,289.2199463845
1020.1,"LIHUE WEATHER SERVICE OFFICE AIRPORT 1020.1","LIHUE WEATHER SERVICE OFFICE AIRPORT 1020.1","NWS","KA",45,21.98156999,-159.3422063,"USW00022536","HLI",NA,NA,NA,30.5,34,5,45.7,32,42.8,26.5,30.7,42.2,79.9,155.5,494.6
1023,"BARKING SANDS","NWS","NWS","KA",8,22.03333,-159.78333,"USW00022501",NA,NA,NA,NA,1.1,NA,13.99999,NA,14.100005,NA,NA,53.599895,NA,NA,NA,354.10002
1026,"MANA 1026","KEKAHA SUGAR","COOP","KA",3,22.02742459,-159.761099,"USC00516082",NA,NA,NA,NA,1.70413106716418,23.6874522523673,0,NA,3.32306141762781,9.969181696683,19.0010899005155,4.85678082658916,2.55620299124736,0,2.55619787884649,429.015328677656
1035,"NIU RIDGE 1035","KEKAHA SUGAR","COOP","KA",381,22.03020119,-159.7355433,"USC00516850",NA,NA,NA,NA,1.49832405104902,20.8267310547058,0,NA,2.92173703131316,8.76520884645003,16.7063382287039,4.27022995083463,2.24749169529715,0,2.24748720031825,377.20337221251
1040,"PUEHU RIDGE 1040","KEKAHA SUGAR","COOP","KA",506,22.01547687,-159.6922106,"USC00518205",NA,NA,NA,NA,2.33897020050444,32.5117275376924,0,NA,4.5609999019686,13.6829961974453,26.0795568549598,6.66607507055025,3.50846407190806,0,3.50845705498693,588.836204369236
1042,"WaialaeRainGagenrWaimea","USGS","USGS","KA",1219.2,22.08972222,-159.5925,NA,"WLGH1","DDF7C28E",NA,NA,93.218,282.956,35.56,53.34,25.654,35.56,62.738,67.056,60.198,42.672,186.944,660.4
1045,"WaialealeTrailRaingagenrLihue","USGS","USGS","KA",1389.888,22.07605556,-159.5361111,NA,NA,NA,NA,NA,424.942,1179.068,223.266,204.724,118.872,209.55,339.09,389.382,167.132,192.278,579.882,1096.01
1047,"Mt.WaialealeRainGagenrLihue","USGS","USGS","KA",1569.72,22.07088889,-159.4979722,"USC00516565","WLLH1","DD5E818E",NA,NA,593.344,1092.708,847.598,486.918,376.428,613.41,769.62,722.884,512.572,626.11,789.94,1503.934
1051,"NWailuaDitchRainGagenrLihue","LIHUE PLANTATION","USGS","KA",338.328,22.0625,-159.4677222,"USC00516888","WLDH1","1732B3E0",NA,NA,216.154,373.634,281.432,167.894,164.084,292.608,291.846,226.568,259.334,262.89,366.014,755.904
1060,"Wailua UH Exp Stn","NWS","HydroNet-UaNet","KA",158.1912,22.0660992,-159.396,"USC00519475","WUHH1",NA,NA,NA,149.352,135.128,87.376,68.4163887173916,88.9,183.134,137.16,125.384625493523,152.146,239.522,276.106093772053,502.789984526219
1061,"Ekw 5","LIHUE PLANTATION","STATE","KA",145,22.05682632,-159.4005358,NA,NA,NA,NA,NA,128.446963169883,157.13214649478,110.75781106332,80.0506554088467,84.595978830936,163.833985304456,139.409677447884,118.562832785774,139.843105731666,186.747136254171,237.946078587971,466.109109587408
1061.5,"Wailua UH Exp Stn","NWS","HydroNet-UaNet","KA",158,22.066,-159.3962,NA,"WUHH1","15C163D6",NA,NA,149.606,135.128,87.456787292146,69.0904648127464,88.9,183.134,137.16,128.016,152.146,239.522,277.622,503.682
1062.1,"LIHUE VRTY STA 1062.1","HSPA","COOP","KA",117,22.0239,-159.387,"USC00515560",NA,NA,NA,NA,77.724,94.742,22.098,63.5,51.816,121.158,164.338,71.628,128.778,221.996,198.374,420.624
1065,"WAILUA KAI 1065","LIHUE PLANTATION","COOP","KA",21,22.036817,-159.3405379,"USC00519467",NA,NA,NA,NA,44.0593951283179,80.5574193171308,11.3691603703138,35.7309381347169,44.7282526204578,34.0302571302682,53.529932381761,41.5017854540394,32.4784791947538,52.5127929332274,85.485528552768,NA
1068,"LBOpaekaaRainGagenrKapaa","USGS","USGS","KA",143.256,22.07561111,-159.3958889,NA,NA,NA,NA,NA,117.856,121.158,74.93,64.77,75.438,196.596,160.782,130.048,137.922,253.492,248.412,440.69
1069,"PUU LUA","RAWS","RAWS","KA",1021.08,22.08916667,-159.6791667,NA,"PLRH1","487083CE",NA,NA,58.1143902311271,74.0689290876779,30.8630453460777,57.8686310246088,15.2625175182668,36.3725686227394,48.0015485475446,40.9264020943198,29.1224604629847,NA,123.77270530553,329.780793857681
1074,"MAKAHA RIDGE","RAWS","RAWS","KA",544.9824,22.13055556,-159.7152778,"USR0000HMAH","MKAH1","3286026C",NA,NA,15.494,84.836,18.288,61.214,0,0,0,0,0,0,0,0
1075,"KANALOHULUHULU 1075","BD OF AGR&FTRY","COOP","KA",1097,22.12972,-159.65861,"USC00513099",NA,NA,NA,NA,64.383317,108.154399830975,74.166667,71.233299,25.9688607746817,64.262536,77.437494,66.020847,46.979197,36.4855617622583,184.91666,569.126963233083
1076,"Kokee","NWS","HydroNet-UaNet","KA",1279.2456,22.1485996,-159.6448,NA,"KOKH1","1900E616",NA,NA,128.27,101.872907471269,30.9995283974544,81.9163884725946,25.4,42.672,105.41,88.042708393845,69.5330916731903,77.292978635877,283.718,545.084
1080,"PaukahanaRaingagenrWaimea","USGS","USGS","KA",1127.76,22.13492222,-159.6260833,"USC00517790",NA,NA,NA,NA,178.637427275907,218.750391141844,31.7819157810781,122.651818923983,36.8948464897601,61.2625586426008,137.959885924205,106.179236630045,71.2880155859657,82.0842006092618,279.127517348382,631.317946963005
1082,"WaiakoaliRainGagenrWaimea","USGS","USGS","KA",1042.416,22.1245,-159.6220833,"519130","WKRH1","17B79574",NA,NA,151.384,161.036,31.242,141.986,28.448,65.278,111.715302685355,105.115653343049,67.2054824816044,60.3224869761567,263.652,608.584
1083,"MoCrsgRainGagenrWaimea","USGS","USGS","KA",1042.416,22.11708333,-159.6009722,"USC00516433","MCRH1","D109224A",NA,NA,219.71,230.124,37.592,123.952,34.798,62.484,105.41,100.076,64.516,66.294,304.546,648.716
1084,"KilohanaRainGafenrHanalei","USGS","USGS","KA",1219.2,22.15408333,-159.5946111,"USC00514610","KLOH1","DDCC972A",NA,NA,452.882,552.422562116473,59.944,231.14,109.474,127.508,501.142,349.504,175.768,260.858,673.354,598.678
1085,"Mo-KoaieDivideRainGage","USGS","USGS","KA",1219.2,22.11425,-159.5866667,NA,NA,NA,NA,NA,141.478,234.174364776643,31.4942356621915,96.2461705841317,26.8197895891639,49.245890466457,91.8322112974036,104.346632290928,66.3669735180701,64.008,231.902,549.91
1094.2,"Kapahi","NWS","HydroNet-UaNet","KA",158.496,22.1021004,-159.3856,"USC00513171","KPIH1","15608488",NA,NA,67.818,133.35,67.31,76.2,68.326,171.196,155.956,132.842,144.272,271.102166357975,340.614,537.972
1094.3,"KAPAA 1.4 W","CoCoRaHS","CoCoRaHS","KA",139,22.0936,-159.3758,"US1HIKI0005",NA,NA,NA,NA,92.0084709943157,159.421647846269,55.1592609326808,152.651974453621,62.826005280596,182.845120361787,175.497585748059,132.687100153295,93.0040832302627,283.874681262201,270.806319751432,538.695950046904
1097.4,"KAPAA 1.9 WSW","CoCoRaHS","CoCoRaHS","KA",157,22.0829,-159.3786,"US1HIKI0019",NA,NA,NA,NA,91.3752893242177,158.324543806367,54.7796672650404,151.601457788321,62.3936507971528,181.586821235317,174.289850707565,131.773977277025,92.3640499799622,281.921119347329,268.942691370694,534.988765288375
1115,"PH WAINIHA 1115","MCBRYDE SUGAR","COOP","KA",35,22.1959,-159.5564,"USC00518155",NA,NA,NA,NA,115.340773543867,335.509537305732,39.37,113.538,31.75,61.115966936242,204.295968525668,188.175325447399,88.763800214099,174.573910632817,225.044,202.184
1117,"PRINCEVILLE RANCH 1117","PRINCEVILLE RANCH","COOP","KA",90,22.213196,-159.4722008,"USC00518165",NA,NA,NA,NA,85.2,208.1375,51.9875,120.7125,40.6875,159.4375,171.5625,129.5625,72.775,245.85,210.5875,495.628902571289
1117.8,"Hanalei","NWS","HydroNet-UaNet","KA",4.8768,22.1982002,-159.4951,"USC00513386","HNIH1",NA,NA,NA,123.952,348.234,83.7798310980884,93.083623570577,38.0366578271746,105.156,191.771795188677,146.304,72.644,261.874,181.864,385.318
1131.7,"HanaleiRainGageatHanalei","USGS","USGS","KA",18.288,22.17958333,-159.4663889,NA,NA,NA,NA,NA,196.342,282.448,125.222,146.812,54.356,165.354,235.204,191.008,115.57,291.084,282.956,540.258
1134,"KILAUEA 1134","RAPOZO N","COOP","KA",96,22.21194093,-159.4072015,"USC00514561",NA,NA,NA,NA,73.179166,71.249993,34.0375,121.062496,37.612504,97.3375,94.262507,104.558334,64.641676,150.291747,211.008309,432.899623
1134.1,"KILAUEA 0.3 SE","CoCoRaHS","CoCoRaHS","KA",96,22.208,-159.4062,"US1HIKI0001",NA,NA,NA,NA,91.923382790426,224.562242788055,56.0899866527848,130.238278698231,43.8982703906743,172.019182437189,185.101001877728,139.786658248645,78.5178894668222,265.250747171669,227.205579499752,NA
1134.2,"KILAUEA 0.5 SE","CoCoRaHS","CoCoRaHS","KA",79,22.2057,-159.4048,"US1HIKI0006",NA,NA,NA,NA,80.1931860078908,138.949487164178,48.0759741383545,133.049142644565,54.7581920789753,159.365030082,152.961030497935,115.648061406196,81.0609465126161,247.420861050901,236.030675624211,469.519209013675
1137,"KOLOKO RESERVOIR 113","KILAUEA SUGAR","COOP","KA",224,22.18140774,-159.3777576,"USC00514758",NA,NA,NA,NA,75.27502,68.191597,44.191677,146.120813,69.387537,159.750047,134.270853,101.67081,89.816637,249.749934,262.87913,451.874474
1146,"Moloaa Dairy","RAWS","RAWS","KA",85.344,22.18333333,-159.3375,"USR0000HMOL","MLDH1","AAB6D15A",NA,NA,NA,NA,15.748,NA,40.894,50.8,65.786,NA,NA,NA,NA,NA
